Cod. Bodega,Bodega,Cod.Grupo,Grupo,Cod. Sub Grupo,Sub Grupo,Cod. Producto,Producto,Cod. U. Medida,Disponible,Reserva,Transitoria,Consignación,Stock Total,Costo Unit.,Costo Total,Archivo Origen
SM,STOCK CASA MATRIZ,102,MADERAS,EM,EMBALAJE,IEM540CINTRB,CINTA EMBALAJE TRANSPARENTE,UN,7.0,0.0,0.0,0.0,7.0,526.0,3682.0,SM_STOCK CASA MATRIZ.xlsx
SM,STOCK CASA MATRIZ,102,MADERAS,EM,EMBALAJE,IEM5603MNN00,CLAVO 3 1/2 PLG,KG,8.0,0.0,0.0,0.0,8.0,6431.91,51455.0,SM_STOCK CASA MATRIZ.xlsx
Total Sub Grupo : EM,,,,,,nan,,,15.0,0.0,0.0,0.0,15.0,,55137.0,SM_STOCK CASA MATRIZ.xlsx
,,,,,,nan,,,,,,,,,,SM_STOCK CASA MATRIZ.xlsx
Total Grupo : 102,,,,,,nan,,,15.0,0.0,0.0,0.0,15.0,,55137.0,SM_STOCK CASA MATRIZ.xlsx
,,,,,,nan,,,,,,,,,,SM_STOCK CASA MATRIZ.xlsx
SM,STOCK CASA MATRIZ,108,PINTURAS,PN,PINTURA,IPN90043NNRU,PINTURA ESMALTE SPRAY,UN,7.0,0.0,0.0,0.0,7.0,3355.0,23485.0,SM_STOCK CASA MATRIZ.xlsx
Total Sub Grupo : PN,,,,,,nan,,,7.0,0.0,0.0,0.0,7.0,,23485.0,SM_STOCK CASA MATRIZ.xlsx
,,,,,,nan,,,,,,,,,,SM_STOCK CASA MATRIZ.xlsx
Total Grupo : 108,,,,,,nan,,,7.0,0.0,0.0,0.0,7.0,,23485.0,SM_STOCK CASA MATRIZ.xlsx
,,,,,,nan,,,,,,,,,,SM_STOCK CASA MATRIZ.xlsx
SM,STOCK CASA MATRIZ,113,ELECTRICOS,EL,ELECTRICO,IEL060300W00,FOCO LED 300 WATTS- TIPO TUBO,UN,3.0,0.0,0.0,0.0,3.0,77227.0,231681.0,SM_STOCK CASA MATRIZ.xlsx
SM,STOCK CASA MATRIZ,113,ELECTRICOS,EL,ELECTRICO,IEL13500MT00,CAJA FUERTE,UN,1.0,0.0,0.0,0.0,1.0,21900.0,21900.0,SM_STOCK CASA MATRIZ.xlsx
SM,STOCK CASA MATRIZ,113,ELECTRICOS,EL,ELECTRICO,IEL23COINN00,INTERRUPTO CORTA CORRIENTE 24V,UN,1.0,0.0,0.0,0.0,1.0,10995.0,10995.0,SM_STOCK CASA MATRIZ.xlsx
SM,STOCK CASA MATRIZ,113,ELECTRICOS,EL,ELECTRICO,IEL241HBRA10,TOMA DE CORRIENTE TRIPLE 10 A HEMBRA,UN,6.0,0.0,0.0,0.0,6.0,2184.87,13109.0,SM_STOCK CASA MATRIZ.xlsx
SM,STOCK CASA MATRIZ,113,ELECTRICOS,EL,ELECTRICO,IEL320380V01,SOQUETE 32 A-380V/ PORTA FOCO,UN,3.0,0.0,0.0,0.0,3.0,2686.0,8058.0,SM_STOCK CASA MATRIZ.xlsx
SM,STOCK CASA MATRIZ,113,ELECTRICOS,EL,ELECTRICO,IEL3363832LG,ENCHUFE MACHO VOLANTE  380 V  32A 3P+T,UN,12.0,0.0,0.0,0.0,12.0,5002.57,60031.0,SM_STOCK CASA MATRIZ.xlsx
SM,STOCK CASA MATRIZ,113,ELECTRICOS,EL,ELECTRICO,IEL4013MTS00,ALARGADOR MULTIPLE 3MTS,UN,1.0,0.0,0.0,0.0,1.0,14058.79,14059.0,SM_STOCK CASA MATRIZ.xlsx
SM,STOCK CASA MATRIZ,113,ELECTRICOS,EL,ELECTRICO,IEL4068930NN,CAJA CHUQUI PLASTICA SOBREPUESTA,UN,7.0,0.0,0.0,0.0,7.0,120.0,840.0,SM_STOCK CASA MATRIZ.xlsx
SM,STOCK CASA MATRIZ,113,ELECTRICOS,EL,ELECTRICO,IEL407220VNN,ENCHUFE MULTIPLE 220V,UN,17.0,0.0,0.0,0.0,17.0,17289.31,293918.0,SM_STOCK CASA MATRIZ.xlsx
SM,STOCK CASA MATRIZ,113,ELECTRICOS,EL,ELECTRICO,IEL407380VNN,ENCHUFE MULTIPLE 380V,UN,6.0,0.0,0.0,0.0,6.0,38213.11,229279.0,SM_STOCK CASA MATRIZ.xlsx
SM,STOCK CASA MATRIZ,113,ELECTRICOS,EL,ELECTRICO,IEL407CONE00,CONECTOR EURO HEMBRA MIG HREAMB 1PC (MAX),UN,2.0,0.0,0.0,0.0,2.0,13809.0,27618.0,SM_STOCK CASA MATRIZ.xlsx
SM,STOCK CASA MATRIZ,113,ELECTRICOS,EL,ELECTRICO,IEL477LED18W,FOCO EMBUTIDO LED 18 W REDONDO 6000K,UN,1.0,0.0,0.0,0.0,1.0,19016.8,19017.0,SM_STOCK CASA MATRIZ.xlsx
SM,STOCK CASA MATRIZ,113,ELECTRICOS,EL,ELECTRICO,IEL51315NNEK,LAMPARA AHORRO ENERGÍA FL 150W E-40,UN,2.0,0.0,0.0,0.0,2.0,773.11,1546.0,SM_STOCK CASA MATRIZ.xlsx
Total Sub Grupo : EL,,,,,,nan,,,62.0,0.0,0.0,0.0,62.0,,932051.0,SM_STOCK CASA MATRIZ.xlsx
,,,,,,nan,,,,,,,,,,SM_STOCK CASA MATRIZ.xlsx
Total Grupo : 113,,,,,,nan,,,62.0,0.0,0.0,0.0,62.0,,932051.0,SM_STOCK CASA MATRIZ.xlsx
,,,,,,nan,,,,,,,,,,SM_STOCK CASA MATRIZ.xlsx
SM,STOCK CASA MATRIZ,116,LAVADOS,LI,LIMPIEZA,ILI080NNNN00,CLORO,UN,11.0,0.0,0.0,0.0,11.0,4387.0,48257.0,SM_STOCK CASA MATRIZ.xlsx
SM,STOCK CASA MATRIZ,116,LAVADOS,LI,LIMPIEZA,ILI430NNNN00,DISPENSADOR,UN,12.0,0.0,0.0,0.0,12.0,35750.0,429000.0,SM_STOCK CASA MATRIZ.xlsx
Total Sub Grupo : LI,,,,,,nan,,,23.0,0.0,0.0,0.0,23.0,,477257.0,SM_STOCK CASA MATRIZ.xlsx
,,,,,,nan,,,,,,,,,,SM_STOCK CASA MATRIZ.xlsx
Total Grupo : 116,,,,,,nan,,,23.0,0.0,0.0,0.0,23.0,,477257.0,SM_STOCK CASA MATRIZ.xlsx
,,,,,,nan,,,,,,,,,,SM_STOCK CASA MATRIZ.xlsx
SM,STOCK CASA MATRIZ,118,PERNOS,,,A304LPE81200,PERNO ALLEN 304 8 X 12 MM,UN,1.0,0.0,0.0,0.0,1.0,452.0,452.0,SM_STOCK CASA MATRIZ.xlsx
SM,STOCK CASA MATRIZ,118,PERNOS,,,A316LPE0M1MY,PERNO HEX. 316L 1/2 X 1 1/2'',UN,308.0,0.0,0.0,0.0,308.0,399.0,122892.0,SM_STOCK CASA MATRIZ.xlsx
Total Sub Grupo : Sin Sub Grupo,,,,,,nan,,,309.0,0.0,0.0,0.0,309.0,,123344.0,SM_STOCK CASA MATRIZ.xlsx
,,,,,,nan,,,,,,,,,,SM_STOCK CASA MATRIZ.xlsx
Total Grupo : 118,,,,,,nan,,,309.0,0.0,0.0,0.0,309.0,,123344.0,SM_STOCK CASA MATRIZ.xlsx
,,,,,,nan,,,,,,,,,,SM_STOCK CASA MATRIZ.xlsx
SM,STOCK CASA MATRIZ,120,QUIMICOS,OT,OTROS,IOT1450NN01,PORTA TIZA MARCA METAL,UN,15.0,0.0,0.0,0.0,15.0,1990.0,29850.0,SM_STOCK CASA MATRIZ.xlsx
SM,STOCK CASA MATRIZ,120,QUIMICOS,OT,OTROS,IOT1955000NN,AMARRAS PLASTICA  500 X 0.9 MM,UN,100.0,0.0,0.0,0.0,100.0,369.29,36929.0,SM_STOCK CASA MATRIZ.xlsx
SM,STOCK CASA MATRIZ,120,QUIMICOS,OT,OTROS,IOT195760NN9,AMARRAS PLASTICAS  760 X 0.9 MM,UN,500.0,0.0,0.0,0.0,500.0,247.43,123715.0,SM_STOCK CASA MATRIZ.xlsx
SM,STOCK CASA MATRIZ,120,QUIMICOS,OT,OTROS,IOT19901NN00,TEFLON 1inx0.75mm x 10Mts.,UN,59.0,0.0,0.0,0.0,59.0,1.0,59.0,SM_STOCK CASA MATRIZ.xlsx
SM,STOCK CASA MATRIZ,120,QUIMICOS,OT,OTROS,IOT20301NN00,BROCHA ESTAMPA CERDA  1 IN,UN,1.0,0.0,0.0,0.0,1.0,617.71,618.0,SM_STOCK CASA MATRIZ.xlsx
SM,STOCK CASA MATRIZ,120,QUIMICOS,OT,OTROS,IOT20900NN00,BOQUILLAS DE RPTO ALCOTEST DEGITAL 10UN,UN,13.0,0.0,0.0,0.0,13.0,54900.0,713700.0,SM_STOCK CASA MATRIZ.xlsx
SM,STOCK CASA MATRIZ,120,QUIMICOS,OT,OTROS,IOT218IGNI00,MANTA IGNIFUGA,UN,2.0,0.0,0.0,0.0,2.0,113000.0,226000.0,SM_STOCK CASA MATRIZ.xlsx
SM,STOCK CASA MATRIZ,120,QUIMICOS,OT,OTROS,IOT221SPOT00,SPOTCHECK AEROSOL REVELADOR SKD-S2 330GR,UN,30.0,0.0,0.0,0.0,30.0,21900.0,657000.0,SM_STOCK CASA MATRIZ.xlsx
SM,STOCK CASA MATRIZ,120,QUIMICOS,OT,OTROS,IOT243PH225M,PUNTA PHILLIPS X 25MM,UN,4.0,0.0,0.0,0.0,4.0,1313.4,5254.0,SM_STOCK CASA MATRIZ.xlsx
SM,STOCK CASA MATRIZ,120,QUIMICOS,OT,OTROS,IOT289PCNN00,PIEDRA CHISPERO,UN,4.0,0.0,0.0,0.0,4.0,329.09,1316.0,SM_STOCK CASA MATRIZ.xlsx
SM,STOCK CASA MATRIZ,120,QUIMICOS,OT,OTROS,IOT295ALGU00,ALGUICIDA 1 LT,UN,3.0,0.0,0.0,0.0,3.0,1873.95,5622.0,SM_STOCK CASA MATRIZ.xlsx
SM,STOCK CASA MATRIZ,120,QUIMICOS,OT,OTROS,IOT30055RB00,AMARRAS PLASTICAS 550x8.0,UN,39.0,0.0,0.0,0.0,39.0,252.0,9828.0,SM_STOCK CASA MATRIZ.xlsx
SM,STOCK CASA MATRIZ,120,QUIMICOS,OT,OTROS,IOTCANOISTER,CANDADO OISTER,UN,4.0,0.0,0.0,0.0,4.0,3884.4,15538.0,SM_STOCK CASA MATRIZ.xlsx
SM,STOCK CASA MATRIZ,120,QUIMICOS,OT,OTROS,IOTMANGNNCO0,MANGA COLECTORA/FILTRO COLECTOR ,UN,1.0,0.0,0.0,0.0,1.0,36075.0,36075.0,SM_STOCK CASA MATRIZ.xlsx
SM,STOCK CASA MATRIZ,120,QUIMICOS,OT,OTROS,IOTSILLAESCR,SILLA DE ESCRITORIO,UN,2.0,0.0,0.0,0.0,2.0,63017.0,126034.0,SM_STOCK CASA MATRIZ.xlsx
Total Sub Grupo : OT,,,,,,nan,,,777.0,0.0,0.0,0.0,777.0,,1987537.0,SM_STOCK CASA MATRIZ.xlsx
,,,,,,nan,,,,,,,,,,SM_STOCK CASA MATRIZ.xlsx
SM,STOCK CASA MATRIZ,120,QUIMICOS,SL,SOLDADURA,IBQ211008237,SHIED CUP BODY 9-8237 SOLTEC,UN,20.0,0.0,0.0,0.0,20.0,16558.0,331160.0,SM_STOCK CASA MATRIZ.xlsx
Total Sub Grupo : SL,,,,,,nan,,,20.0,0.0,0.0,0.0,20.0,,331160.0,SM_STOCK CASA MATRIZ.xlsx
,,,,,,nan,,,,,,,,,,SM_STOCK CASA MATRIZ.xlsx
Total Grupo : 120,,,,,,nan,,,797.0,0.0,0.0,0.0,797.0,,2318697.0,SM_STOCK CASA MATRIZ.xlsx
,,,,,,nan,,,,,,,,,,SM_STOCK CASA MATRIZ.xlsx
SM,STOCK CASA MATRIZ,121,SERVICIOS DE TERCERO,HH,SERVICIO ELECTROMECANICOS,SEHHGPSS1060,MALLA,UN,1.0,0.0,0.0,0.0,1.0,2790.0,2790.0,SM_STOCK CASA MATRIZ.xlsx
Total Sub Grupo : HH,,,,,,nan,,,1.0,0.0,0.0,0.0,1.0,,2790.0,SM_STOCK CASA MATRIZ.xlsx
,,,,,,nan,,,,,,,,,,SM_STOCK CASA MATRIZ.xlsx
SM,STOCK CASA MATRIZ,121,SERVICIOS DE TERCERO,PP,SERVICIO PRUEBAS,SEQQINTE2055,SOPORTE TIPO L,UN,10.0,0.0,0.0,0.0,10.0,2500.0,25000.0,SM_STOCK CASA MATRIZ.xlsx
Total Sub Grupo : PP,,,,,,nan,,,10.0,0.0,0.0,0.0,10.0,,25000.0,SM_STOCK CASA MATRIZ.xlsx
,,,,,,nan,,,,,,,,,,SM_STOCK CASA MATRIZ.xlsx
Total Grupo : 121,,,,,,nan,,,11.0,0.0,0.0,0.0,11.0,,27790.0,SM_STOCK CASA MATRIZ.xlsx
,,,,,,nan,,,,,,,,,,SM_STOCK CASA MATRIZ.xlsx
SM,STOCK CASA MATRIZ,122,SOLDADURAS,AB,ABRASIVOS,IBQ2314MSC00,GRATA COPA ONDULADA ACERO CARBONO PARA ESMERIL DE 4 ½,UN,20.0,0.0,0.0,0.0,20.0,2930.65,58613.0,SM_STOCK CASA MATRIZ.xlsx
Total Sub Grupo : AB,,,,,,nan,,,20.0,0.0,0.0,0.0,20.0,,58613.0,SM_STOCK CASA MATRIZ.xlsx
,,,,,,nan,,,,,,,,,,SM_STOCK CASA MATRIZ.xlsx
SM,STOCK CASA MATRIZ,122,SOLDADURAS,BQ,BOQUILLA,IBQ21000NNCC,BOQUILLA PLASMA 9-8212 (90-100),UN,50.0,0.0,0.0,0.0,50.0,5150.88,257544.0,SM_STOCK CASA MATRIZ.xlsx
SM,STOCK CASA MATRIZ,122,SOLDADURAS,BQ,BOQUILLA,IBQ21000NNCM,BOQUILLA OXICORTE CNC 106-0 (5-10) KOIKE PROPANO,UN,1.0,0.0,0.0,0.0,1.0,8802.68,8803.0,SM_STOCK CASA MATRIZ.xlsx
SM,STOCK CASA MATRIZ,122,SOLDADURAS,BQ,BOQUILLA,IBQ21001NNCM,BOQUILLA OXICORTE CNC 106-1 (10-15) KOIKE PROPANO,UN,1.0,0.0,0.0,0.0,1.0,8248.15,8248.0,SM_STOCK CASA MATRIZ.xlsx
SM,STOCK CASA MATRIZ,122,SOLDADURAS,BQ,BOQUILLA,IBQ21003NNCM,BOQUILLA OXICORTE CNC 106-3 (30-40) KOIKE PROPANO,UN,1.0,0.0,0.0,0.0,1.0,12867.03,12867.0,SM_STOCK CASA MATRIZ.xlsx
SM,STOCK CASA MATRIZ,122,SOLDADURAS,BQ,BOQUILLA,IBQ21010NN00,BOQUILLA PLASMA 9-8253 (100-120),UN,30.0,0.0,0.0,0.0,30.0,5238.28,157148.0,SM_STOCK CASA MATRIZ.xlsx
SM,STOCK CASA MATRIZ,122,SOLDADURAS,BQ,BOQUILLA,IBQ21100NNLL,BOQUILLA STARTER CARTRIDGE 9-8213,UN,13.0,0.0,0.0,0.0,13.0,29000.0,377000.0,SM_STOCK CASA MATRIZ.xlsx
SM,STOCK CASA MATRIZ,122,SOLDADURAS,BQ,BOQUILLA,IBQ21400NN00,CASQUILLO PROTECTOR 9-8239 / PUNTA DE ARRASTRE 70-100,UN,20.0,0.0,0.0,0.0,20.0,11698.53,233971.0,SM_STOCK CASA MATRIZ.xlsx
SM,STOCK CASA MATRIZ,122,SOLDADURAS,BQ,BOQUILLA,IBQ214825600,CASQUILLO PROTECTOR 9-8256 / PUNTA DE ARRASTRE 100-120,UN,1.0,0.0,0.0,0.0,1.0,15900.0,15900.0,SM_STOCK CASA MATRIZ.xlsx
SM,STOCK CASA MATRIZ,122,SOLDADURAS,BQ,BOQUILLA,IBQ22001NN00,BOQUILLA OXICORTE MANUAL N°1,UN,2.0,0.0,0.0,0.0,2.0,4574.97,9150.0,SM_STOCK CASA MATRIZ.xlsx
SM,STOCK CASA MATRIZ,122,SOLDADURAS,BQ,BOQUILLA,IBQ22006NN00,BOQUILLA OXICORTE MANUAL N°6,UN,9.0,0.0,0.0,0.0,9.0,4171.84,37547.0,SM_STOCK CASA MATRIZ.xlsx
SM,STOCK CASA MATRIZ,122,SOLDADURAS,BQ,BOQUILLA,IBQ23109CRCM,TOBERA CERÁMICA TIG N09,,18.0,0.0,0.0,0.0,18.0,2500.0,45000.0,SM_STOCK CASA MATRIZ.xlsx
SM,STOCK CASA MATRIZ,122,SOLDADURAS,BQ,BOQUILLA,IBQ23110CRCM,TOBERA CERÁMICA TIG N10,,18.0,0.0,0.0,0.0,18.0,4000.0,72000.0,SM_STOCK CASA MATRIZ.xlsx
SM,STOCK CASA MATRIZ,122,SOLDADURAS,BQ,BOQUILLA,IBQ23216NN00,DIFUSOR MIG 54A PISTOLAR DE SOLDAR ,,107.0,0.0,0.0,0.0,107.0,947.07,101336.0,SM_STOCK CASA MATRIZ.xlsx
SM,STOCK CASA MATRIZ,122,SOLDADURAS,BQ,BOQUILLA,IBQ24016NNCI,TOBERA MIG 16 MM TWECO  - 2362,UN,1.0,0.0,0.0,0.0,1.0,4202.21,4202.0,SM_STOCK CASA MATRIZ.xlsx
SM,STOCK CASA MATRIZ,122,SOLDADURAS,BQ,BOQUILLA,IBQ25124NN00,BOQUILLA 2.4 P/ARCO SUMERGIDO,UN,10.0,0.0,0.0,0.0,10.0,3948.27,39483.0,SM_STOCK CASA MATRIZ.xlsx
SM,STOCK CASA MATRIZ,122,SOLDADURAS,BQ,BOQUILLA,IBQ25300NN00,CARTUCHO DE INICIO 9-8213,UN,6.0,0.0,0.0,0.0,6.0,31390.94,188346.0,SM_STOCK CASA MATRIZ.xlsx
SM,STOCK CASA MATRIZ,122,SOLDADURAS,BQ,BOQUILLA,IBQ28211NNCC,BOQUILLA PLASMA 9-8211,UN,3.0,0.0,0.0,0.0,3.0,2500.0,7500.0,SM_STOCK CASA MATRIZ.xlsx
Total Sub Grupo : BQ,,,,,,nan,,,291.0,0.0,0.0,0.0,291.0,,1576044.0,SM_STOCK CASA MATRIZ.xlsx
,,,,,,nan,,,,,,,,,,SM_STOCK CASA MATRIZ.xlsx
SM,STOCK CASA MATRIZ,122,SOLDADURAS,SOLDA,SOLDADURAS,ISL9200HSS00,ELECTRODO 316L 3/32in,KG,9.0,0.0,0.0,0.0,9.0,14045.0,126405.0,SM_STOCK CASA MATRIZ.xlsx
Total Sub Grupo : SOLDA,,,,,,nan,,,9.0,0.0,0.0,0.0,9.0,,126405.0,SM_STOCK CASA MATRIZ.xlsx
,,,,,,nan,,,,,,,,,,SM_STOCK CASA MATRIZ.xlsx
Total Grupo : 122,,,,,,nan,,,320.0,0.0,0.0,0.0,320.0,,1761062.0,SM_STOCK CASA MATRIZ.xlsx
,,,,,,nan,,,,,,,,,,SM_STOCK CASA MATRIZ.xlsx
SM,STOCK CASA MATRIZ,127,HERRAMIENTAS,AV,ACCESORIO VEHICULO,H100AV000002,CORTA CORRIENTE,UN,1.0,0.0,0.0,0.0,1.0,75000.0,75000.0,SM_STOCK CASA MATRIZ.xlsx
SM,STOCK CASA MATRIZ,127,HERRAMIENTAS,AV,ACCESORIO VEHICULO,H100AV000026,CUÑAS POULIRETANO,UN,4.0,0.0,0.0,0.0,4.0,40000.0,160000.0,SM_STOCK CASA MATRIZ.xlsx
SM,STOCK CASA MATRIZ,127,HERRAMIENTAS,AV,ACCESORIO VEHICULO,H100AV000027,BARRA,UN,1.0,0.0,0.0,0.0,1.0,3840.0,3840.0,SM_STOCK CASA MATRIZ.xlsx
SM,STOCK CASA MATRIZ,127,HERRAMIENTAS,AV,ACCESORIO VEHICULO,H100AVQUIN17,TRIANGULO REFLECTANTE PARA CAMIONETA,UN,4.0,0.0,0.0,0.0,4.0,4680.0,18720.0,SM_STOCK CASA MATRIZ.xlsx
Total Sub Grupo : AV,,,,,,nan,,,10.0,0.0,0.0,0.0,10.0,,257560.0,SM_STOCK CASA MATRIZ.xlsx
,,,,,,nan,,,,,,,,,,SM_STOCK CASA MATRIZ.xlsx
SM,STOCK CASA MATRIZ,127,HERRAMIENTAS,AZ,ABRAZADERA,IAZ4300MSC00,ABRAZADERA 1/2,UN,8.0,0.0,0.0,0.0,8.0,950.0,7600.0,SM_STOCK CASA MATRIZ.xlsx
SM,STOCK CASA MATRIZ,127,HERRAMIENTAS,AZ,ABRAZADERA,IAZABRAZACEI,ABRAZADERA DE ACERO INOX,UN,16.0,0.0,0.0,0.0,16.0,798.0,12768.0,SM_STOCK CASA MATRIZ.xlsx
Total Sub Grupo : AZ,,,,,,nan,,,24.0,0.0,0.0,0.0,24.0,,20368.0,SM_STOCK CASA MATRIZ.xlsx
,,,,,,nan,,,,,,,,,,SM_STOCK CASA MATRIZ.xlsx
SM,STOCK CASA MATRIZ,127,HERRAMIENTAS,BC,BROCA,IBR70117SCMK,BROCA ANULAR 17 MM,UN,1.0,0.0,0.0,0.0,1.0,27833.24,27833.0,SM_STOCK CASA MATRIZ.xlsx
SM,STOCK CASA MATRIZ,127,HERRAMIENTAS,BC,BROCA,IBR70118SCMK,BROCA ANULAR 18 MM,UN,2.0,0.0,0.0,0.0,2.0,25718.54,51437.0,SM_STOCK CASA MATRIZ.xlsx
SM,STOCK CASA MATRIZ,127,HERRAMIENTAS,BC,BROCA,IBR70121SC00,BROCA ANULAR 21 MM,UN,2.0,0.0,0.0,0.0,2.0,29981.88,59964.0,SM_STOCK CASA MATRIZ.xlsx
SM,STOCK CASA MATRIZ,127,HERRAMIENTAS,BC,BROCA,IBR70130SCMK,BROCA ANULAR 30 MM,UN,1.0,0.0,0.0,0.0,1.0,48404.79,48405.0,SM_STOCK CASA MATRIZ.xlsx
SM,STOCK CASA MATRIZ,127,HERRAMIENTAS,BC,BROCA,IBR70142SC00,BROCA ANULAR 42 MM,UN,1.0,0.0,0.0,0.0,1.0,119629.2,119629.0,SM_STOCK CASA MATRIZ.xlsx
SM,STOCK CASA MATRIZ,127,HERRAMIENTAS,BC,BROCA,IBR70319SC00,BROCA SDS 19MM (HORMIGON),UN,1.0,0.0,0.0,0.0,1.0,16000.0,16000.0,SM_STOCK CASA MATRIZ.xlsx
SM,STOCK CASA MATRIZ,127,HERRAMIENTAS,BC,BROCA,IBR70322SC00,BROCA SDS 22MM (HORMIGON),UN,3.0,0.0,0.0,0.0,3.0,16000.0,48000.0,SM_STOCK CASA MATRIZ.xlsx
SM,STOCK CASA MATRIZ,127,HERRAMIENTAS,BC,BROCA,IBR70322SC70,BROCA SDS 70MM  (HORMIGON),UN,1.0,0.0,0.0,0.0,1.0,322.0,322.0,SM_STOCK CASA MATRIZ.xlsx
SM,STOCK CASA MATRIZ,127,HERRAMIENTAS,BC,BROCA,IBR71019SC00,BROCA CILINDRICA HSS 19 MM,UN,4.0,0.0,0.0,0.0,4.0,16300.0,65200.0,SM_STOCK CASA MATRIZ.xlsx
SM,STOCK CASA MATRIZ,127,HERRAMIENTAS,BC,BROCA,IBR71022SC00,BROCA CILINDRICA HSS 22 MM,UN,1.0,0.0,0.0,0.0,1.0,16300.0,16300.0,SM_STOCK CASA MATRIZ.xlsx
SM,STOCK CASA MATRIZ,127,HERRAMIENTAS,BC,BROCA,IBR71042SC00,BROCA CILINDRICA HSS 42 MM,UN,1.0,0.0,0.0,0.0,1.0,28451.0,28451.0,SM_STOCK CASA MATRIZ.xlsx
SM,STOCK CASA MATRIZ,127,HERRAMIENTAS,BC,BROCA,IBR71101NN00,FLUIDO DE CORTE TAP MATIC- 500 CC,UN,9.0,0.0,0.0,0.0,9.0,19757.91,177821.0,SM_STOCK CASA MATRIZ.xlsx
SM,STOCK CASA MATRIZ,127,HERRAMIENTAS,BC,BROCA,IBR713050000,BROCA HSS REBAJADA 7/8in,UN,3.0,0.0,0.0,0.0,3.0,82226.9,246681.0,SM_STOCK CASA MATRIZ.xlsx
Total Sub Grupo : BC,,,,,,nan,,,30.0,0.0,0.0,0.0,30.0,,906043.0,SM_STOCK CASA MATRIZ.xlsx
,,,,,,nan,,,,,,,,,,SM_STOCK CASA MATRIZ.xlsx
SM,STOCK CASA MATRIZ,127,HERRAMIENTAS,CG,CARGA,H700CGNN0002,GRILLETE 2in,UN,1.0,0.0,0.0,0.0,1.0,956.0,956.0,SM_STOCK CASA MATRIZ.xlsx
SM,STOCK CASA MATRIZ,127,HERRAMIENTAS,CG,CARGA,H700CGNN0012,GRILLETE  1/2in,UN,3.0,0.0,0.0,0.0,3.0,1045.0,3135.0,SM_STOCK CASA MATRIZ.xlsx
SM,STOCK CASA MATRIZ,127,HERRAMIENTAS,CG,CARGA,H700CGZNNN07,GRILLETE ZN 3/4,UN,1.0,0.0,0.0,0.0,1.0,6916.67,6917.0,SM_STOCK CASA MATRIZ.xlsx
Total Sub Grupo : CG,,,,,,nan,,,5.0,0.0,0.0,0.0,5.0,,11008.0,SM_STOCK CASA MATRIZ.xlsx
,,,,,,nan,,,,,,,,,,SM_STOCK CASA MATRIZ.xlsx
SM,STOCK CASA MATRIZ,127,HERRAMIENTAS,CT,CORTE,H700CT000004,CUCHILLO CARTONERO,UN,2.0,0.0,0.0,0.0,2.0,3561.0,7122.0,SM_STOCK CASA MATRIZ.xlsx
Total Sub Grupo : CT,,,,,,nan,,,2.0,0.0,0.0,0.0,2.0,,7122.0,SM_STOCK CASA MATRIZ.xlsx
,,,,,,nan,,,,,,,,,,SM_STOCK CASA MATRIZ.xlsx
SM,STOCK CASA MATRIZ,127,HERRAMIENTAS,EL,ELECTRICO,H200ELMAKI02,ESMERIL ANGULAR 7IN MAKITA 2200W,UN,2.0,0.0,0.0,0.0,2.0,158413.0,316826.0,SM_STOCK CASA MATRIZ.xlsx
SM,STOCK CASA MATRIZ,127,HERRAMIENTAS,EL,ELECTRICO,H200ELMAKI10,ESMERIL ANGULAR 4 1/2  9557HP MAKITA,UN,1.0,0.0,0.0,0.0,1.0,24495.0,24495.0,SM_STOCK CASA MATRIZ.xlsx
SM,STOCK CASA MATRIZ,127,HERRAMIENTAS,EL,ELECTRICO,H200ELMK0005,BATERIA DE MOCHILA PDC1200A02 + ADAPTADOR,UN,1.0,0.0,0.0,0.0,1.0,872500.0,872500.0,SM_STOCK CASA MATRIZ.xlsx
Total Sub Grupo : EL,,,,,,nan,,,4.0,0.0,0.0,0.0,4.0,,1213821.0,SM_STOCK CASA MATRIZ.xlsx
,,,,,,nan,,,,,,,,,,SM_STOCK CASA MATRIZ.xlsx
SM,STOCK CASA MATRIZ,127,HERRAMIENTAS,FI,FILTROS,H100FI000014,FILTRO AIRE,UN,1.0,0.0,0.0,0.0,1.0,13680.0,13680.0,SM_STOCK CASA MATRIZ.xlsx
SM,STOCK CASA MATRIZ,127,HERRAMIENTAS,FI,FILTROS,H100FI00CO14,FILTRO 2 1/2COBRE PN 16 BSP,UN,1.0,0.0,0.0,0.0,1.0,46787.0,46787.0,SM_STOCK CASA MATRIZ.xlsx
Total Sub Grupo : FI,,,,,,nan,,,2.0,0.0,0.0,0.0,2.0,,60467.0,SM_STOCK CASA MATRIZ.xlsx
,,,,,,nan,,,,,,,,,,SM_STOCK CASA MATRIZ.xlsx
SM,STOCK CASA MATRIZ,127,HERRAMIENTAS,IN,INSTRUMENTOS DE MEDICION,H500IN000006,ESCUADRA 24in,UN,5.0,0.0,0.0,0.0,5.0,8089.24,40446.0,SM_STOCK CASA MATRIZ.xlsx
SM,STOCK CASA MATRIZ,127,HERRAMIENTAS,IN,INSTRUMENTOS DE MEDICION,H500IN000008,JUEGO TIZADOR,UN,2.0,0.0,0.0,0.0,2.0,6384.68,12769.0,SM_STOCK CASA MATRIZ.xlsx
SM,STOCK CASA MATRIZ,127,HERRAMIENTAS,IN,INSTRUMENTOS DE MEDICION,H500IN000009,LAPIZ PARA RAYAR METAL,UN,3.0,0.0,0.0,0.0,3.0,3206.58,9620.0,SM_STOCK CASA MATRIZ.xlsx
SM,STOCK CASA MATRIZ,127,HERRAMIENTAS,IN,INSTRUMENTOS DE MEDICION,H500IN25MLNN,MEDIDOR LASER ( RONIX DISTANCIA)/DISTANCIOMETRO ,UN,2.0,0.0,0.0,0.0,2.0,21745.0,43490.0,SM_STOCK CASA MATRIZ.xlsx
Total Sub Grupo : IN,,,,,,nan,,,12.0,0.0,0.0,0.0,12.0,,106325.0,SM_STOCK CASA MATRIZ.xlsx
,,,,,,nan,,,,,,,,,,SM_STOCK CASA MATRIZ.xlsx
SM,STOCK CASA MATRIZ,127,HERRAMIENTAS,KT,JUEGO/KIT/SET,H700KT000026,KIT SOPLETE CALENTADOR OXIGENO/GAS,KT,1.0,0.0,0.0,0.0,1.0,172350.0,172350.0,SM_STOCK CASA MATRIZ.xlsx
SM,STOCK CASA MATRIZ,127,HERRAMIENTAS,KT,JUEGO/KIT/SET,H700KT000027,KIT SOPLETE CALENTADOR GAS,KT,1.0,0.0,0.0,0.0,1.0,2150.0,2150.0,SM_STOCK CASA MATRIZ.xlsx
SM,STOCK CASA MATRIZ,127,HERRAMIENTAS,KT,JUEGO/KIT/SET,H700KTVOLK15,JUEGO DE MACHOS 1-1/2in - VOLKEL,UN,6.0,0.0,0.0,0.0,6.0,1000.0,6000.0,SM_STOCK CASA MATRIZ.xlsx
Total Sub Grupo : KT,,,,,,nan,,,8.0,0.0,0.0,0.0,8.0,,180500.0,SM_STOCK CASA MATRIZ.xlsx
,,,,,,nan,,,,,,,,,,SM_STOCK CASA MATRIZ.xlsx
SM,STOCK CASA MATRIZ,127,HERRAMIENTAS,LL,LLAVE,H700LL24IN28,LLAVE STILLSON 24in,UN,1.0,0.0,0.0,0.0,1.0,1000.0,1000.0,SM_STOCK CASA MATRIZ.xlsx
SM,STOCK CASA MATRIZ,127,HERRAMIENTAS,LL,LLAVE,H700LLCU1T34,ADAPTADOR IMPACTO 1/2 X 3/4-CUADRANTE REDUCTOR,UN,4.0,0.0,0.0,0.0,4.0,4950.0,19800.0,SM_STOCK CASA MATRIZ.xlsx
SM,STOCK CASA MATRIZ,127,HERRAMIENTAS,LL,LLAVE,H700LLCU3T12,ADAPTADOR IMPACTO 3/4 X1/2-CUADRANTE REDUCTOR,UN,5.0,0.0,0.0,0.0,5.0,5500.0,27500.0,SM_STOCK CASA MATRIZ.xlsx
Total Sub Grupo : LL,,,,,,nan,,,10.0,0.0,0.0,0.0,10.0,,48300.0,SM_STOCK CASA MATRIZ.xlsx
,,,,,,nan,,,,,,,,,,SM_STOCK CASA MATRIZ.xlsx
SM,STOCK CASA MATRIZ,127,HERRAMIENTAS,MN,HERRAMIENTA MANUAL,H500IN000004,ESCUADRA ACERO,UN,5.0,0.0,0.0,0.0,5.0,34797.0,173985.0,SM_STOCK CASA MATRIZ.xlsx
SM,STOCK CASA MATRIZ,127,HERRAMIENTAS,MN,HERRAMIENTA MANUAL,H700MN000003, ENGRASADOR  MANUAL 15 KG,UN,1.0,0.0,0.0,0.0,1.0,6214.29,6214.0,SM_STOCK CASA MATRIZ.xlsx
SM,STOCK CASA MATRIZ,127,HERRAMIENTAS,MN,HERRAMIENTA MANUAL,H700MN000048,DADO 32 MM,UN,1.0,0.0,0.0,0.0,1.0,2540.0,2540.0,SM_STOCK CASA MATRIZ.xlsx
SM,STOCK CASA MATRIZ,127,HERRAMIENTAS,MN,HERRAMIENTA MANUAL,H700MN000049,DADO 22 MM,UN,7.0,0.0,0.0,0.0,7.0,1630.0,11410.0,SM_STOCK CASA MATRIZ.xlsx
SM,STOCK CASA MATRIZ,127,HERRAMIENTAS,MN,HERRAMIENTA MANUAL,H700MN000059,DADO 15/16,UN,1.0,0.0,0.0,0.0,1.0,2650.0,2650.0,SM_STOCK CASA MATRIZ.xlsx
SM,STOCK CASA MATRIZ,127,HERRAMIENTAS,MN,HERRAMIENTA MANUAL,H700MNN00030, ENGRASADOR  MANUAL 300 GR/ACEITADORA,UN,3.0,0.0,0.0,0.0,3.0,1095.0,3285.0,SM_STOCK CASA MATRIZ.xlsx
SM,STOCK CASA MATRIZ,127,HERRAMIENTAS,MN,HERRAMIENTA MANUAL,H700MNN00050, ENGRASADOR  MANUAL 500 GR/ACEITADORA,UN,3.0,0.0,0.0,0.0,3.0,2250.0,6750.0,SM_STOCK CASA MATRIZ.xlsx
Total Sub Grupo : MN,,,,,,nan,,,21.0,0.0,0.0,0.0,21.0,,206834.0,SM_STOCK CASA MATRIZ.xlsx
,,,,,,nan,,,,,,,,,,SM_STOCK CASA MATRIZ.xlsx
SM,STOCK CASA MATRIZ,127,HERRAMIENTAS,MP,IMPACTO,H700MP000002,MARTILLO CARPINTERO,UN,4.0,0.0,0.0,0.0,4.0,31.8,127.0,SM_STOCK CASA MATRIZ.xlsx
SM,STOCK CASA MATRIZ,127,HERRAMIENTAS,MP,IMPACTO,H700MP000003,MARTILLO PEÑA,UN,1.0,0.0,0.0,0.0,1.0,7084.03,7084.0,SM_STOCK CASA MATRIZ.xlsx
Total Sub Grupo : MP,,,,,,nan,,,5.0,0.0,0.0,0.0,5.0,,7211.0,SM_STOCK CASA MATRIZ.xlsx
,,,,,,nan,,,,,,,,,,SM_STOCK CASA MATRIZ.xlsx
SM,STOCK CASA MATRIZ,127,HERRAMIENTAS,MQ,MAQUINARIA,H400MQ000023,PORTA POWER,UN,1.0,0.0,0.0,0.0,1.0,249774.0,249774.0,SM_STOCK CASA MATRIZ.xlsx
SM,STOCK CASA MATRIZ,127,HERRAMIENTAS,MQ,MAQUINARIA,H400MQ000033,CIZALLA UNIVERSAL,UN,1.0,0.0,0.0,0.0,1.0,19864.0,19864.0,SM_STOCK CASA MATRIZ.xlsx
SM,STOCK CASA MATRIZ,127,HERRAMIENTAS,MQ,MAQUINARIA,H400MQ000046,UNIDAD HIDRAULICA,UN,2.0,0.0,0.0,0.0,2.0,40000.0,80000.0,SM_STOCK CASA MATRIZ.xlsx
Total Sub Grupo : MQ,,,,,,nan,,,4.0,0.0,0.0,0.0,4.0,,349638.0,SM_STOCK CASA MATRIZ.xlsx
,,,,,,nan,,,,,,,,,,SM_STOCK CASA MATRIZ.xlsx
SM,STOCK CASA MATRIZ,127,HERRAMIENTAS,OT,OTROS,H800OT000011,CAJA  PORTA HERRAMIENTAS,UN,1.0,0.0,0.0,0.0,1.0,208898.92,208899.0,SM_STOCK CASA MATRIZ.xlsx
SM,STOCK CASA MATRIZ,127,HERRAMIENTAS,OT,OTROS,H800OTGO3M76,CINTA AUTOFUNDENTE DE GOMA 3M,UN,5.0,0.0,0.0,0.0,5.0,5398.67,26993.0,SM_STOCK CASA MATRIZ.xlsx
SM,STOCK CASA MATRIZ,127,HERRAMIENTAS,OT,OTROS,H800OTHALO02,FOCO HALOG. C/ATRIL DOBLE 500W,UN,7.0,0.0,0.0,0.0,7.0,46047.5,322332.0,SM_STOCK CASA MATRIZ.xlsx
SM,STOCK CASA MATRIZ,127,HERRAMIENTAS,OT,OTROS,H800OTHERR83,BOLSO PORTA HERRAMIENTAS,UN,2.0,0.0,0.0,0.0,2.0,35500.0,71000.0,SM_STOCK CASA MATRIZ.xlsx
SM,STOCK CASA MATRIZ,127,HERRAMIENTAS,OT,OTROS,H800OTLIJA83,LIJA AGUA,UN,230.0,0.0,0.0,0.0,230.0,500.0,115000.0,SM_STOCK CASA MATRIZ.xlsx
SM,STOCK CASA MATRIZ,127,HERRAMIENTAS,OT,OTROS,H800OTPLA104,PLATACHO MADERA,UN,2.0,0.0,0.0,0.0,2.0,8596.64,17193.0,SM_STOCK CASA MATRIZ.xlsx
SM,STOCK CASA MATRIZ,127,HERRAMIENTAS,OT,OTROS,H800OTPLNN50,PALANQUETA 18IN/PATA CABRA-DIABLO,UN,2.0,0.0,0.0,0.0,2.0,3249.0,6498.0,SM_STOCK CASA MATRIZ.xlsx
SM,STOCK CASA MATRIZ,127,HERRAMIENTAS,OT,OTROS,H800OTSU3M75,CINTA AISLADORA ELECTRICA 3M,UN,9.0,0.0,0.0,0.0,9.0,1891.3,17022.0,SM_STOCK CASA MATRIZ.xlsx
SM,STOCK CASA MATRIZ,127,HERRAMIENTAS,OT,OTROS,H800RIELDUCA,RIEL DUCASSE COLG U 100 I 300 3 MTS,UN,4.0,0.0,0.0,0.0,4.0,18974.8,75899.0,SM_STOCK CASA MATRIZ.xlsx
Total Sub Grupo : OT,,,,,,nan,,,262.0,0.0,0.0,0.0,262.0,,860837.0,SM_STOCK CASA MATRIZ.xlsx
,,,,,,nan,,,,,,,,,,SM_STOCK CASA MATRIZ.xlsx
SM,STOCK CASA MATRIZ,127,HERRAMIENTAS,RM,REPUESTOS MAQUINARIA,H300RM000043,VALVULA ANTIRRETROCESO REGULADOR GAS,UN,3.0,0.0,0.0,0.0,3.0,9545.0,28635.0,SM_STOCK CASA MATRIZ.xlsx
SM,STOCK CASA MATRIZ,127,HERRAMIENTAS,RM,REPUESTOS MAQUINARIA,H300RM000044,VALVULA ANTIRRETROCESO REGULADOR OXIGENO,UN,2.0,0.0,0.0,0.0,2.0,9545.0,19090.0,SM_STOCK CASA MATRIZ.xlsx
SM,STOCK CASA MATRIZ,127,HERRAMIENTAS,RM,REPUESTOS MAQUINARIA,H300RM070003,JUEGO DE CARBONES ESMERIL ANGULAR 7-DEWALT,PR,12.0,0.0,0.0,0.0,12.0,9984.55,119815.0,SM_STOCK CASA MATRIZ.xlsx
SM,STOCK CASA MATRIZ,127,HERRAMIENTAS,RM,REPUESTOS MAQUINARIA,H300RM4M0002,JUEGO DE CARBONES ESMERIL ANGULAR 4 1/2 - DEWALT,PR,12.0,0.0,0.0,0.0,12.0,9184.6,110215.0,SM_STOCK CASA MATRIZ.xlsx
SM,STOCK CASA MATRIZ,127,HERRAMIENTAS,RM,REPUESTOS MAQUINARIA,H300RM721808,JUEGO CARBONES B-218 ESMERIL 7 - MAKITA,PR,3.0,0.0,0.0,0.0,3.0,7850.0,23550.0,SM_STOCK CASA MATRIZ.xlsx
SM,STOCK CASA MATRIZ,127,HERRAMIENTAS,RM,REPUESTOS MAQUINARIA,H300RMCIMT24,TORCHA (PISTOLA) MIG TW400 4.5 METROS,UN,2.0,0.0,0.0,0.0,2.0,252892.0,505784.0,SM_STOCK CASA MATRIZ.xlsx
SM,STOCK CASA MATRIZ,127,HERRAMIENTAS,RM,REPUESTOS MAQUINARIA,H300RMLIND49,DEPOSITO PLASTICO CODIGO 0009802609,UN,2.0,0.0,0.0,0.0,2.0,100228.0,200456.0,SM_STOCK CASA MATRIZ.xlsx
SM,STOCK CASA MATRIZ,127,HERRAMIENTAS,RM,REPUESTOS MAQUINARIA,H300RMNN0047,ADAPTADOR MANDRIL UNF 1/2-20 X 3/4,UN,4.0,0.0,0.0,0.0,4.0,2680.0,10720.0,SM_STOCK CASA MATRIZ.xlsx
SM,STOCK CASA MATRIZ,127,HERRAMIENTAS,RM,REPUESTOS MAQUINARIA,H300RMSOLT38,PINZA TOMA TIERRA 500 AMP,UN,5.0,0.0,0.0,0.0,5.0,12078.45,60392.0,SM_STOCK CASA MATRIZ.xlsx
SM,STOCK CASA MATRIZ,127,HERRAMIENTAS,RM,REPUESTOS MAQUINARIA,H300RMTORC43,JUEGO DE CARBONES MAQUINA TORCH,KT,300.0,0.0,0.0,0.0,300.0,365.0,109500.0,SM_STOCK CASA MATRIZ.xlsx
SM,STOCK CASA MATRIZ,127,HERRAMIENTAS,RM,REPUESTOS MAQUINARIA,H300RPCIMT19,TORCHA TIG WP17V DUAL 4 MT,UN,499.0,0.0,0.0,0.0,499.0,1000.0,499000.0,SM_STOCK CASA MATRIZ.xlsx
Total Sub Grupo : RM,,,,,,nan,,,844.0,0.0,0.0,0.0,844.0,,1687157.0,SM_STOCK CASA MATRIZ.xlsx
,,,,,,nan,,,,,,,,,,SM_STOCK CASA MATRIZ.xlsx
SM,STOCK CASA MATRIZ,127,HERRAMIENTAS,RP,REPUESTO VEHICULO,H100RP000005,MOTOR,UN,3.0,0.0,0.0,0.0,3.0,1806900.0,5420700.0,SM_STOCK CASA MATRIZ.xlsx
SM,STOCK CASA MATRIZ,127,HERRAMIENTAS,RP,REPUESTO VEHICULO,H100RP000028, SEPARADOR DE RUEDA PARA GRUA HORQUILLA,UN,60.0,0.0,0.0,0.0,60.0,7351.0,441060.0,SM_STOCK CASA MATRIZ.xlsx
Total Sub Grupo : RP,,,,,,nan,,,63.0,0.0,0.0,0.0,63.0,,5861760.0,SM_STOCK CASA MATRIZ.xlsx
,,,,,,nan,,,,,,,,,,SM_STOCK CASA MATRIZ.xlsx
Total Grupo : 127,,,,,,nan,,,1306.0,0.0,0.0,0.0,1306.0,,11784952.0,SM_STOCK CASA MATRIZ.xlsx
,,,,,,nan,,,,,,,,,,SM_STOCK CASA MATRIZ.xlsx
SM,STOCK CASA MATRIZ,135,CABLES EN GENERAL,EL,ELECTRICO,IEL040383204,ENCHUFE HEMBRA IND. S/P 380 V  32A 3P+T,UN,3.0,0.0,0.0,0.0,3.0,3546.0,10638.0,SM_STOCK CASA MATRIZ.xlsx
Total Sub Grupo : EL,,,,,,nan,,,3.0,0.0,0.0,0.0,3.0,,10638.0,SM_STOCK CASA MATRIZ.xlsx
,,,,,,nan,,,,,,,,,,SM_STOCK CASA MATRIZ.xlsx
Total Grupo : 135,,,,,,nan,,,3.0,0.0,0.0,0.0,3.0,,10638.0,SM_STOCK CASA MATRIZ.xlsx
,,,,,,nan,,,,,,,,,,SM_STOCK CASA MATRIZ.xlsx
SM,STOCK CASA MATRIZ,137,COMPUTACION,AO,ARTICULOS DE OFICINA,IAO0102MPAIN,PLUMON PAINT OLEO MEDIO 2MM AMARILLO,UN,13.0,0.0,0.0,0.0,13.0,1840.21,23923.0,SM_STOCK CASA MATRIZ.xlsx
SM,STOCK CASA MATRIZ,137,COMPUTACION,AO,ARTICULOS DE OFICINA,IAO030BORPIZ,BORRADOR PIZARRA,UN,6.0,0.0,0.0,0.0,6.0,635.0,3810.0,SM_STOCK CASA MATRIZ.xlsx
SM,STOCK CASA MATRIZ,137,COMPUTACION,AO,ARTICULOS DE OFICINA,IAO3200AAA00,PILA TRIPLE AAA,UN,7.0,0.0,0.0,0.0,7.0,871.88,6103.0,SM_STOCK CASA MATRIZ.xlsx
SM,STOCK CASA MATRIZ,137,COMPUTACION,AO,ARTICULOS DE OFICINA,IAO350NNNN11,PLUMON MARCADOR PARA CD NEGRO,UN,4.0,0.0,0.0,0.0,4.0,368.0,1472.0,SM_STOCK CASA MATRIZ.xlsx
Total Sub Grupo : AO,,,,,,nan,,,30.0,0.0,0.0,0.0,30.0,,35308.0,SM_STOCK CASA MATRIZ.xlsx
,,,,,,nan,,,,,,,,,,SM_STOCK CASA MATRIZ.xlsx
SM,STOCK CASA MATRIZ,137,COMPUTACION,CP,COMPUTACION,ICP14700NN02,Memoria RAM,UN,2.0,0.0,0.0,0.0,2.0,4781.5,9563.0,SM_STOCK CASA MATRIZ.xlsx
Total Sub Grupo : CP,,,,,,nan,,,2.0,0.0,0.0,0.0,2.0,,9563.0,SM_STOCK CASA MATRIZ.xlsx
,,,,,,nan,,,,,,,,,,SM_STOCK CASA MATRIZ.xlsx
Total Grupo : 137,,,,,,nan,,,32.0,0.0,0.0,0.0,32.0,,44871.0,SM_STOCK CASA MATRIZ.xlsx
,,,,,,nan,,,,,,,,,,SM_STOCK CASA MATRIZ.xlsx
SM,STOCK CASA MATRIZ,138,CORTES,AB,ABRASIVOS,IAB11007SS00,DISCO DE CORTE FINO  07in   ESPESOR 1.6 MM,UN,23.0,0.0,0.0,0.0,23.0,869.59,20001.0,SM_STOCK CASA MATRIZ.xlsx
SM,STOCK CASA MATRIZ,138,CORTES,AB,ABRASIVOS,IAB12007SS00,DISCO CORTE NORMAL 07in ESPESOR 03MM,UN,55.0,0.0,0.0,0.0,55.0,1187.75,65326.0,SM_STOCK CASA MATRIZ.xlsx
SM,STOCK CASA MATRIZ,138,CORTES,AB,ABRASIVOS,IAB13007SS00,DISCO DESBASTE 07in,UN,52.0,0.0,0.0,0.0,52.0,1605.83,83503.0,SM_STOCK CASA MATRIZ.xlsx
SM,STOCK CASA MATRIZ,138,CORTES,AB,ABRASIVOS,IAB1304MSS00,DISCO DESBASTE 04 1/2in,UN,1.0,0.0,0.0,0.0,1.0,839.04,839.0,SM_STOCK CASA MATRIZ.xlsx
SM,STOCK CASA MATRIZ,138,CORTES,AB,ABRASIVOS,IAB1404MHIHL,GRATA HISOPO  INOXIDABLE 26 MM,UN,8.0,0.0,0.0,0.0,8.0,2980.62,23845.0,SM_STOCK CASA MATRIZ.xlsx
SM,STOCK CASA MATRIZ,138,CORTES,AB,ABRASIVOS,IAB1404MSSFA,GRATA PLANA TRENZADA  ACERO INOXIDABLE 4 1/2,UN,2.0,0.0,0.0,0.0,2.0,5400.0,10800.0,SM_STOCK CASA MATRIZ.xlsx
SM,STOCK CASA MATRIZ,138,CORTES,AB,ABRASIVOS,IAB1404MSSHL,GRATA COPA  ONDULADA INOXIDABLE 4 1/2,UN,2.0,0.0,0.0,0.0,2.0,8564.28,17129.0,SM_STOCK CASA MATRIZ.xlsx
SM,STOCK CASA MATRIZ,138,CORTES,AB,ABRASIVOS,IAB14207CRKL,DISCO DE LIJA PARA METAL (CUBITRON) 7IN,UN,9.0,0.0,0.0,0.0,9.0,3527.85,31751.0,SM_STOCK CASA MATRIZ.xlsx
SM,STOCK CASA MATRIZ,138,CORTES,AB,ABRASIVOS,IAB1500CSCBH,LIMA ROTATIVA CILINDRICA 1/4 PLG (06MM),UN,7.0,0.0,0.0,0.0,7.0,14468.85,101282.0,SM_STOCK CASA MATRIZ.xlsx
SM,STOCK CASA MATRIZ,138,CORTES,AB,ABRASIVOS,IAB15012SCBH,LIMA ROTATIVA CILINDRICA 1/2 PLG (12MM),UN,6.0,0.0,0.0,0.0,6.0,23406.89,140441.0,SM_STOCK CASA MATRIZ.xlsx
SM,STOCK CASA MATRIZ,138,CORTES,AB,ABRASIVOS,IAB15040SC00,LIJA ROTATIVA CILINDRICA 1 1/2 PLG (40MM) GR60,UN,6.0,0.0,0.0,0.0,6.0,3631.98,21792.0,SM_STOCK CASA MATRIZ.xlsx
SM,STOCK CASA MATRIZ,138,CORTES,AB,ABRASIVOS,IAB18007SS00,DISCO ZIRCONIO 7 in G80,UN,18.0,0.0,0.0,0.0,18.0,2599.76,46796.0,SM_STOCK CASA MATRIZ.xlsx
SM,STOCK CASA MATRIZ,138,CORTES,AB,ABRASIVOS,IAB210MD0000,PLIEGO DE LIJA MADERA,UN,29.0,0.0,0.0,0.0,29.0,440.0,12760.0,SM_STOCK CASA MATRIZ.xlsx
Total Sub Grupo : AB,,,,,,nan,,,218.0,0.0,0.0,0.0,218.0,,576263.0,SM_STOCK CASA MATRIZ.xlsx
,,,,,,nan,,,,,,,,,,SM_STOCK CASA MATRIZ.xlsx
Total Grupo : 138,,,,,,nan,,,218.0,0.0,0.0,0.0,218.0,,576263.0,SM_STOCK CASA MATRIZ.xlsx
,,,,,,nan,,,,,,,,,,SM_STOCK CASA MATRIZ.xlsx
SM,STOCK CASA MATRIZ,144,SEGURIDAD,AL,CAIDA ALTURA,E200AL000009,ANCLAJE DE CABLE SUSPENDIDO,UN,3.0,0.0,0.0,0.0,3.0,19675.0,59025.0,SM_STOCK CASA MATRIZ.xlsx
Total Sub Grupo : AL,,,,,,nan,,,3.0,0.0,0.0,0.0,3.0,,59025.0,SM_STOCK CASA MATRIZ.xlsx
,,,,,,nan,,,,,,,,,,SM_STOCK CASA MATRIZ.xlsx
SM,STOCK CASA MATRIZ,144,SEGURIDAD,AN,ANTIPARRA,E100ANVISO06,VISOR 8X16 CLARO BORDE ALUMINIO,UN,268.0,0.0,0.0,0.0,268.0,2650.0,710200.0,SM_STOCK CASA MATRIZ.xlsx
Total Sub Grupo : AN,,,,,,nan,,,268.0,0.0,0.0,0.0,268.0,,710200.0,SM_STOCK CASA MATRIZ.xlsx
,,,,,,nan,,,,,,,,,,SM_STOCK CASA MATRIZ.xlsx
SM,STOCK CASA MATRIZ,144,SEGURIDAD,CA,CASCO,E100CAPROT03,CASCO BLANCO PROSEG,UN,2.0,0.0,0.0,0.0,2.0,1283.0,2566.0,SM_STOCK CASA MATRIZ.xlsx
Total Sub Grupo : CA,,,,,,nan,,,2.0,0.0,0.0,0.0,2.0,,2566.0,SM_STOCK CASA MATRIZ.xlsx
,,,,,,nan,,,,,,,,,,SM_STOCK CASA MATRIZ.xlsx
SM,STOCK CASA MATRIZ,144,SEGURIDAD,PO,POLERA,E400PO000004,POLERA PIQUE M/LARGA AZUL VARON,UN,2.0,0.0,0.0,0.0,2.0,7227.5,14455.0,SM_STOCK CASA MATRIZ.xlsx
SM,STOCK CASA MATRIZ,144,SEGURIDAD,PO,POLERA,E400PO000009,POLERA PIQUE M/CORTA DAMA,UN,2.0,0.0,0.0,0.0,2.0,4100.0,8200.0,SM_STOCK CASA MATRIZ.xlsx
Total Sub Grupo : PO,,,,,,nan,,,4.0,0.0,0.0,0.0,4.0,,22655.0,SM_STOCK CASA MATRIZ.xlsx
,,,,,,nan,,,,,,,,,,SM_STOCK CASA MATRIZ.xlsx
SM,STOCK CASA MATRIZ,144,SEGURIDAD,PX,PRIMEROS AUXILIOS,E500PX003M02,BOTIQUIN PRIMEROS AUXILIOS,UN,1.0,0.0,0.0,0.0,1.0,19707.0,19707.0,SM_STOCK CASA MATRIZ.xlsx
Total Sub Grupo : PX,,,,,,nan,,,1.0,0.0,0.0,0.0,1.0,,19707.0,SM_STOCK CASA MATRIZ.xlsx
,,,,,,nan,,,,,,,,,,SM_STOCK CASA MATRIZ.xlsx
Total Grupo : 144,,,,,,nan,,,278.0,0.0,0.0,0.0,278.0,,814153.0,SM_STOCK CASA MATRIZ.xlsx
,,,,,,nan,,,,,,,,,,SM_STOCK CASA MATRIZ.xlsx
SM,STOCK CASA MATRIZ,A,AC. INOXIDABLES,,,A316LFT0EZFJ,ASPERSOR FLAT JET NOZ ST.STL  COD:3/8P-SS5025,UN,29.0,0.0,0.0,0.0,29.0,20000.0,580000.0,SM_STOCK CASA MATRIZ.xlsx
Total Sub Grupo : Sin Sub Grupo,,,,,,nan,,,29.0,0.0,0.0,0.0,29.0,,580000.0,SM_STOCK CASA MATRIZ.xlsx
,,,,,,nan,,,,,,,,,,SM_STOCK CASA MATRIZ.xlsx
SM,STOCK CASA MATRIZ,A,AC. INOXIDABLES,ES,ESPARRAGO,A316LES0QS00,ESPARRAGO 316L 3/4in,,66.0,0.0,0.0,0.0,66.0,15932.0,1051512.0,SM_STOCK CASA MATRIZ.xlsx
Total Sub Grupo : ES,,,,,,nan,,,66.0,0.0,0.0,0.0,66.0,,1051512.0,SM_STOCK CASA MATRIZ.xlsx
,,,,,,nan,,,,,,,,,,SM_STOCK CASA MATRIZ.xlsx
Total Grupo : A,,,,,,nan,,,95.0,0.0,0.0,0.0,95.0,,1631512.0,SM_STOCK CASA MATRIZ.xlsx
,,,,,,nan,,,,,,,,,,SM_STOCK CASA MATRIZ.xlsx
SM,STOCK CASA MATRIZ,B,ALE NO FERRICOS,BR,BARRA,BCOBRBR01X00,BARRA COBRE  Ø 1  x 3 mts,UN,1.0,0.0,0.0,0.0,1.0,215300.0,215300.0,SM_STOCK CASA MATRIZ.xlsx
SM,STOCK CASA MATRIZ,B,ALE NO FERRICOS,BR,BARRA,BCOBRBR25XOO,BARRA DE COBRE REDONDA 25 MM,MT,3.0,0.0,0.0,0.0,3.0,52667.0,158001.0,SM_STOCK CASA MATRIZ.xlsx
SM,STOCK CASA MATRIZ,B,ALE NO FERRICOS,BR,BARRA,BCOBRBR25YOO,BARRA DE COBRE CUADRADA  25 MM,MT,1.0,0.0,0.0,0.0,1.0,60990.0,60990.0,SM_STOCK CASA MATRIZ.xlsx
Total Sub Grupo : BR,,,,,,nan,,,5.0,0.0,0.0,0.0,5.0,,434291.0,SM_STOCK CASA MATRIZ.xlsx
,,,,,,nan,,,,,,,,,,SM_STOCK CASA MATRIZ.xlsx
SM,STOCK CASA MATRIZ,B,ALE NO FERRICOS,PL,PLANCHA,BZINCPL05S00,PANEL CN-4 0.5 X 1000 X 6000,UN,2.0,0.0,0.0,0.0,2.0,15265800.0,30531600.0,SM_STOCK CASA MATRIZ.xlsx
Total Sub Grupo : PL,,,,,,nan,,,2.0,0.0,0.0,0.0,2.0,,30531600.0,SM_STOCK CASA MATRIZ.xlsx
,,,,,,nan,,,,,,,,,,SM_STOCK CASA MATRIZ.xlsx
Total Grupo : B,,,,,,nan,,,7.0,0.0,0.0,0.0,7.0,,30965891.0,SM_STOCK CASA MATRIZ.xlsx
,,,,,,nan,,,,,,,,,,SM_STOCK CASA MATRIZ.xlsx
SM,STOCK CASA MATRIZ,C,AC. CARBONO,ES,ESPARRAGO,CAZINES0QS34,ESPARRAGO 3/4 ZINCADO ,MT,66.0,0.0,0.0,0.0,66.0,3825.0,252450.0,SM_STOCK CASA MATRIZ.xlsx
Total Sub Grupo : ES,,,,,,nan,,,66.0,0.0,0.0,0.0,66.0,,252450.0,SM_STOCK CASA MATRIZ.xlsx
,,,,,,nan,,,,,,,,,,SM_STOCK CASA MATRIZ.xlsx
SM,STOCK CASA MATRIZ,C,AC. CARBONO,GO,GOLILLA,CA036GO0MZ02,GOLILLA PLANA DE 2 in,UN,116.0,0.0,0.0,0.0,116.0,3000.0,348000.0,SM_STOCK CASA MATRIZ.xlsx
SM,STOCK CASA MATRIZ,C,AC. CARBONO,GO,GOLILLA,CF436GOSQS01,GOLILLA PLANA F-436 1,UN,20.0,0.0,0.0,0.0,20.0,196.0,3920.0,SM_STOCK CASA MATRIZ.xlsx
Total Sub Grupo : GO,,,,,,nan,,,136.0,0.0,0.0,0.0,136.0,,351920.0,SM_STOCK CASA MATRIZ.xlsx
,,,,,,nan,,,,,,,,,,SM_STOCK CASA MATRIZ.xlsx
SM,STOCK CASA MATRIZ,C,AC. CARBONO,PE,PERNO,CA036PE0QX10,PERNO ANCLAJE  3/4 X 10'',UN,38.0,0.0,0.0,0.0,38.0,3495.0,132810.0,SM_STOCK CASA MATRIZ.xlsx
SM,STOCK CASA MATRIZ,C,AC. CARBONO,PE,PERNO,CA036TU0020Z,TUERCA HEXAGONAL 2in NEGRA,UN,85.0,0.0,0.0,0.0,85.0,5495.0,467075.0,SM_STOCK CASA MATRIZ.xlsx
Total Sub Grupo : PE,,,,,,nan,,,123.0,0.0,0.0,0.0,123.0,,599885.0,SM_STOCK CASA MATRIZ.xlsx
,,,,,,nan,,,,,,,,,,SM_STOCK CASA MATRIZ.xlsx
SM,STOCK CASA MATRIZ,C,AC. CARBONO,TU,TUERCA,CA036PE08MV0,TORNILLO AUTOPERFORANTE 8 X 1/2,UN,89.0,0.0,0.0,0.0,89.0,8765.54,780133.0,SM_STOCK CASA MATRIZ.xlsx
SM,STOCK CASA MATRIZ,C,AC. CARBONO,TU,TUERCA,CA036TU0SZ00,TUERCA HEXAGONAL 7/8 ZINC,UN,39.0,0.0,0.0,0.0,39.0,220.0,8580.0,SM_STOCK CASA MATRIZ.xlsx
SM,STOCK CASA MATRIZ,C,AC. CARBONO,TU,TUERCA,CA036TU1MZ00,TUERCA  1 1/2,UN,6.0,0.0,0.0,0.0,6.0,1250.0,7500.0,SM_STOCK CASA MATRIZ.xlsx
SM,STOCK CASA MATRIZ,C,AC. CARBONO,TU,TUERCA,CGR02TU0ZI00,TUERCA HEXAGONAL  G°2  3/4 in ZINC,UN,295.0,0.0,0.0,0.0,295.0,9552.0,2817840.0,SM_STOCK CASA MATRIZ.xlsx
SM,STOCK CASA MATRIZ,C,AC. CARBONO,TU,TUERCA,CGR02TU0ZI58,TUERCA HEXAGONAL  G°2  5/8 in ZINC,UN,200.0,0.0,0.0,0.0,200.0,395.0,79000.0,SM_STOCK CASA MATRIZ.xlsx
Total Sub Grupo : TU,,,,,,nan,,,629.0,0.0,0.0,0.0,629.0,,3693053.0,SM_STOCK CASA MATRIZ.xlsx
,,,,,,nan,,,,,,,,,,SM_STOCK CASA MATRIZ.xlsx
Total Grupo : C,,,,,,nan,,,954.0,0.0,0.0,0.0,954.0,,4897308.0,SM_STOCK CASA MATRIZ.xlsx
,,,,,,nan,,,,,,,,,,SM_STOCK CASA MATRIZ.xlsx
SM,STOCK CASA MATRIZ,E,EPP,AN,ANTIPARRA,E100AN000005,CASQUETE PORTAVISOR CON ARNES CABEZA PARA PANTALLA 8 X 16,,5.0,0.0,0.0,0.0,5.0,1808.87,9044.0,SM_STOCK CASA MATRIZ.xlsx
Total Sub Grupo : AN,,,,,,nan,,,5.0,0.0,0.0,0.0,5.0,,9044.0,SM_STOCK CASA MATRIZ.xlsx
,,,,,,nan,,,,,,,,,,SM_STOCK CASA MATRIZ.xlsx
SM,STOCK CASA MATRIZ,E,EPP,BL,BLOQUEO,E500BLAPRO02,PINZA DE BLOQUEO,UN,76.0,0.0,0.0,0.0,76.0,2048.05,155652.0,SM_STOCK CASA MATRIZ.xlsx
SM,STOCK CASA MATRIZ,E,EPP,BL,BLOQUEO,E500BLLOCK01,CANDADO BLOQUEO AMERICAN LOCK,UN,27.0,0.0,0.0,0.0,27.0,8473.97,228797.0,SM_STOCK CASA MATRIZ.xlsx
Total Sub Grupo : BL,,,,,,nan,,,103.0,0.0,0.0,0.0,103.0,,384449.0,SM_STOCK CASA MATRIZ.xlsx
,,,,,,nan,,,,,,,,,,SM_STOCK CASA MATRIZ.xlsx
SM,STOCK CASA MATRIZ,E,EPP,BS,BOTIN SEGURIDAD,E100BS000003,PUNTERAS DE SEGURIDAD,PR,1.0,0.0,0.0,0.0,1.0,12385.0,12385.0,SM_STOCK CASA MATRIZ.xlsx
SM,STOCK CASA MATRIZ,E,EPP,BS,BOTIN SEGURIDAD,E300BS000001,BOTIN SEGURIDAD DAMA,UN,2.0,0.0,0.0,0.0,2.0,24890.0,49780.0,SM_STOCK CASA MATRIZ.xlsx
SM,STOCK CASA MATRIZ,E,EPP,BS,BOTIN SEGURIDAD,E300BS000002,BOTIN DE SEGURIDAD VARON,PR,2.0,0.0,0.0,0.0,2.0,40952.81,81906.0,SM_STOCK CASA MATRIZ.xlsx
Total Sub Grupo : BS,,,,,,nan,,,5.0,0.0,0.0,0.0,5.0,,144071.0,SM_STOCK CASA MATRIZ.xlsx
,,,,,,nan,,,,,,,,,,SM_STOCK CASA MATRIZ.xlsx
SM,STOCK CASA MATRIZ,E,EPP,BU,BUZO,E400BUBLAC03,BUZO PAPEL BLANCO,UN,87.0,0.0,0.0,0.0,87.0,2699.07,234819.0,SM_STOCK CASA MATRIZ.xlsx
Total Sub Grupo : BU,,,,,,nan,,,87.0,0.0,0.0,0.0,87.0,,234819.0,SM_STOCK CASA MATRIZ.xlsx
,,,,,,nan,,,,,,,,,,SM_STOCK CASA MATRIZ.xlsx
SM,STOCK CASA MATRIZ,E,EPP,CA,CASCO,E100ALKEVL04,ARNES 4 ARGOLLAS DE KEVLAR MSA,UN,5.0,0.0,0.0,0.0,5.0,107900.0,539500.0,SM_STOCK CASA MATRIZ.xlsx
SM,STOCK CASA MATRIZ,E,EPP,CA,CASCO,E100CASMAU08,PROTECTOR AUDITIVO P/CASCO,UN,7.0,0.0,0.0,0.0,7.0,6136.32,42954.0,SM_STOCK CASA MATRIZ.xlsx
Total Sub Grupo : CA,,,,,,nan,,,12.0,0.0,0.0,0.0,12.0,,582454.0,SM_STOCK CASA MATRIZ.xlsx
,,,,,,nan,,,,,,,,,,SM_STOCK CASA MATRIZ.xlsx
SM,STOCK CASA MATRIZ,E,EPP,FI,FILTROS,E100FI0M0001,RESPIRADOR MEDIO ROSTRO,UN,8.0,0.0,0.0,0.0,8.0,24530.31,196242.0,SM_STOCK CASA MATRIZ.xlsx
SM,STOCK CASA MATRIZ,E,EPP,FI,FILTROS,E100MSRECS00,RESPIRADOR ELIPSE COMPLETO SPR,UN,2.0,0.0,0.0,0.0,2.0,78445.0,156890.0,SM_STOCK CASA MATRIZ.xlsx
Total Sub Grupo : FI,,,,,,nan,,,10.0,0.0,0.0,0.0,10.0,,353132.0,SM_STOCK CASA MATRIZ.xlsx
,,,,,,nan,,,,,,,,,,SM_STOCK CASA MATRIZ.xlsx
SM,STOCK CASA MATRIZ,E,EPP,GU,GUANTES,E200GUNNNN05,GUANTES DE LATEX,UN,1.0,0.0,0.0,0.0,1.0,332.2,332.0,SM_STOCK CASA MATRIZ.xlsx
SM,STOCK CASA MATRIZ,E,EPP,GU,GUANTES,E200GUOOOOO4,GUANTES DE CABRITILLA  PUÑO LARGO,PR,39.0,0.0,0.0,0.0,39.0,1811.83,70661.0,SM_STOCK CASA MATRIZ.xlsx
SM,STOCK CASA MATRIZ,E,EPP,GU,GUANTES,E200GUPROM01,GUANTES DE CABRITILLA PUÑO CORTO,PR,9.0,0.0,0.0,0.0,9.0,1352.2,12170.0,SM_STOCK CASA MATRIZ.xlsx
Total Sub Grupo : GU,,,,,,nan,,,49.0,0.0,0.0,0.0,49.0,,83163.0,SM_STOCK CASA MATRIZ.xlsx
,,,,,,nan,,,,,,,,,,SM_STOCK CASA MATRIZ.xlsx
SM,STOCK CASA MATRIZ,E,EPP,IZ,IZAJE,E500IZ000001,ESLINGA RACHET 1 MT ( CHICHARRA),UN,1.0,0.0,0.0,0.0,1.0,12116.0,12116.0,SM_STOCK CASA MATRIZ.xlsx
Total Sub Grupo : IZ,,,,,,nan,,,1.0,0.0,0.0,0.0,1.0,,12116.0,SM_STOCK CASA MATRIZ.xlsx
,,,,,,nan,,,,,,,,,,SM_STOCK CASA MATRIZ.xlsx
SM,STOCK CASA MATRIZ,E,EPP,LE,LENTE,E100LE000002,LENTES OSCUROS,UN,11.0,0.0,0.0,0.0,11.0,1459.95,16059.0,SM_STOCK CASA MATRIZ.xlsx
Total Sub Grupo : LE,,,,,,nan,,,11.0,0.0,0.0,0.0,11.0,,16059.0,SM_STOCK CASA MATRIZ.xlsx
,,,,,,nan,,,,,,,,,,SM_STOCK CASA MATRIZ.xlsx
SM,STOCK CASA MATRIZ,E,EPP,MS,MASCARILLA,E100MSFULL03,MASCARA FULL FACE 6800 3M,PR,2.0,0.0,0.0,0.0,2.0,68293.33,136587.0,SM_STOCK CASA MATRIZ.xlsx
Total Sub Grupo : MS,,,,,,nan,,,2.0,0.0,0.0,0.0,2.0,,136587.0,SM_STOCK CASA MATRIZ.xlsx
,,,,,,nan,,,,,,,,,,SM_STOCK CASA MATRIZ.xlsx
SM,STOCK CASA MATRIZ,E,EPP,OT,OTROS,E500OT000008,MUÑEQUERA PORTA HERRAMIENTAS,,8.0,0.0,0.0,0.0,8.0,6001.96,48016.0,SM_STOCK CASA MATRIZ.xlsx
Total Sub Grupo : OT,,,,,,nan,,,8.0,0.0,0.0,0.0,8.0,,48016.0,SM_STOCK CASA MATRIZ.xlsx
,,,,,,nan,,,,,,,,,,SM_STOCK CASA MATRIZ.xlsx
SM,STOCK CASA MATRIZ,E,EPP,PS,PROTECTOR SOLAR,E200PROSOL00,PROTECTOR SOLAR 1 LT,UN,1.0,0.0,0.0,0.0,1.0,10271.63,10272.0,SM_STOCK CASA MATRIZ.xlsx
Total Sub Grupo : PS,,,,,,nan,,,1.0,0.0,0.0,0.0,1.0,,10272.0,SM_STOCK CASA MATRIZ.xlsx
,,,,,,nan,,,,,,,,,,SM_STOCK CASA MATRIZ.xlsx
SM,STOCK CASA MATRIZ,E,EPP,PT,PANTALON,E400PTBLKW01,PANTALON DE MEZCLILLA,UN,20.0,0.0,0.0,0.0,20.0,9640.76,192815.0,SM_STOCK CASA MATRIZ.xlsx
Total Sub Grupo : PT,,,,,,nan,,,20.0,0.0,0.0,0.0,20.0,,192815.0,SM_STOCK CASA MATRIZ.xlsx
,,,,,,nan,,,,,,,,,,SM_STOCK CASA MATRIZ.xlsx
SM,STOCK CASA MATRIZ,E,EPP,SD,SOLDADOR,E400SDKEVL02,CHAQUETA SOLDADOR DE CUERO,UN,1.0,0.0,0.0,0.0,1.0,44033.36,44033.0,SM_STOCK CASA MATRIZ.xlsx
SM,STOCK CASA MATRIZ,E,EPP,SD,SOLDADOR,E400SDKEVL04,COLETO DE CUERO,UN,2.0,0.0,0.0,0.0,2.0,6540.18,13080.0,SM_STOCK CASA MATRIZ.xlsx
SM,STOCK CASA MATRIZ,E,EPP,SD,SOLDADOR,E400SDPROM03,POLAINAS DE CUERO,PR,3.0,0.0,0.0,0.0,3.0,5578.19,16735.0,SM_STOCK CASA MATRIZ.xlsx
Total Sub Grupo : SD,,,,,,nan,,,6.0,0.0,0.0,0.0,6.0,,73848.0,SM_STOCK CASA MATRIZ.xlsx
,,,,,,nan,,,,,,,,,,SM_STOCK CASA MATRIZ.xlsx
SM,STOCK CASA MATRIZ,E,EPP,VD,VIDRIO,E100VD000007,PACK VISORES MASCARA DE SOLDAR STEELPRO,UN,1.0,0.0,0.0,0.0,1.0,2730.37,2730.0,SM_STOCK CASA MATRIZ.xlsx
SM,STOCK CASA MATRIZ,E,EPP,VD,VIDRIO,E100VDBLAC04,MICA PARA CARETA FACIAL PARA CASQUETE AMARILLO,,24.0,0.0,0.0,0.0,24.0,990.0,23760.0,SM_STOCK CASA MATRIZ.xlsx
Total Sub Grupo : VD,,,,,,nan,,,25.0,0.0,0.0,0.0,25.0,,26490.0,SM_STOCK CASA MATRIZ.xlsx
,,,,,,nan,,,,,,,,,,SM_STOCK CASA MATRIZ.xlsx
Total Grupo : E,,,,,,nan,,,345.0,0.0,0.0,0.0,345.0,,2307336.0,SM_STOCK CASA MATRIZ.xlsx
,,,,,,nan,,,,,,,,,,SM_STOCK CASA MATRIZ.xlsx
SM,STOCK CASA MATRIZ,H,HERRAMIENTAS Y PARTES,KT,JUEGO/KIT/SET,H700KTDORM22,JUEGO DE MACHOS UNC DE 7/8   DORMER,UN,1.0,0.0,0.0,0.0,1.0,1000.0,1000.0,SM_STOCK CASA MATRIZ.xlsx
Total Sub Grupo : KT,,,,,,nan,,,1.0,0.0,0.0,0.0,1.0,,1000.0,SM_STOCK CASA MATRIZ.xlsx
,,,,,,nan,,,,,,,,,,SM_STOCK CASA MATRIZ.xlsx
SM,STOCK CASA MATRIZ,H,HERRAMIENTAS Y PARTES,OT,OTROS,H800OTRENN49,ACOPLE DE REMOLQUE,UN,1.0,0.0,0.0,0.0,1.0,17112.0,17112.0,SM_STOCK CASA MATRIZ.xlsx
SM,STOCK CASA MATRIZ,H,HERRAMIENTAS Y PARTES,OT,OTROS,H800OTSICANN,SISTEMA DE CARRO PARA PORTONES,UN,4.0,0.0,0.0,0.0,4.0,18495.0,73980.0,SM_STOCK CASA MATRIZ.xlsx
SM,STOCK CASA MATRIZ,H,HERRAMIENTAS Y PARTES,OT,OTROS,H800OTTR47NN,TRIPOIDE DE MADERA,UN,3.0,0.0,0.0,0.0,3.0,50000.0,150000.0,SM_STOCK CASA MATRIZ.xlsx
SM,STOCK CASA MATRIZ,H,HERRAMIENTAS Y PARTES,OT,OTROS,H800OTVANN48,VALVULA AMORTIGUADOR DE GOLPE DE ARIETE 3/4,UN,1.0,0.0,0.0,0.0,1.0,26428.5,26428.0,SM_STOCK CASA MATRIZ.xlsx
Total Sub Grupo : OT,,,,,,nan,,,9.0,0.0,0.0,0.0,9.0,,267520.0,SM_STOCK CASA MATRIZ.xlsx
,,,,,,nan,,,,,,,,,,SM_STOCK CASA MATRIZ.xlsx
Total Grupo : H,,,,,,nan,,,10.0,0.0,0.0,0.0,10.0,,268520.0,SM_STOCK CASA MATRIZ.xlsx
,,,,,,nan,,,,,,,,,,SM_STOCK CASA MATRIZ.xlsx
SM,STOCK CASA MATRIZ,I,INSUMOS,LI,LIMPIEZA,ILICLOROTABL,CLORO TABLETAS,UN,15.0,0.0,0.0,0.0,15.0,7950.0,119250.0,SM_STOCK CASA MATRIZ.xlsx
Total Sub Grupo : LI,,,,,,nan,,,15.0,0.0,0.0,0.0,15.0,,119250.0,SM_STOCK CASA MATRIZ.xlsx
,,,,,,nan,,,,,,,,,,SM_STOCK CASA MATRIZ.xlsx
SM,STOCK CASA MATRIZ,I,INSUMOS,OT,OTROS,IOT20425NN00,TIERRA PARA TIZADORES ,KG,2.0,0.0,0.0,0.0,2.0,5042.01,10084.0,SM_STOCK CASA MATRIZ.xlsx
SM,STOCK CASA MATRIZ,I,INSUMOS,OT,OTROS,IOT242SENN00,ROLLOS CINTAS SELLADORES,UN,1.0,0.0,0.0,0.0,1.0,3045.0,3045.0,SM_STOCK CASA MATRIZ.xlsx
Total Sub Grupo : OT,,,,,,nan,,,3.0,0.0,0.0,0.0,3.0,,13129.0,SM_STOCK CASA MATRIZ.xlsx
,,,,,,nan,,,,,,,,,,SM_STOCK CASA MATRIZ.xlsx
SM,STOCK CASA MATRIZ,I,INSUMOS,SL,SOLDADURA,ISL316L12000,ALAMBRE DE SOLDADURA 316L TUBULAR 1.2 MM,KG,45.0,0.0,0.0,0.0,45.0,14305.0,643725.0,SM_STOCK CASA MATRIZ.xlsx
SM,STOCK CASA MATRIZ,I,INSUMOS,SL,SOLDADURA,ISL9200G7018,ELECTRODO 7018 5/32 IN,KG,45.0,0.0,0.0,0.0,45.0,3250.0,146250.0,SM_STOCK CASA MATRIZ.xlsx
SM,STOCK CASA MATRIZ,I,INSUMOS,SL,SOLDADURA,ISL9200G7P12,ELECTRODO BRONCE P12-R BAS 1/8,KG,5.0,0.0,0.0,0.0,5.0,14900.0,74500.0,SM_STOCK CASA MATRIZ.xlsx
SM,STOCK CASA MATRIZ,I,INSUMOS,SL,SOLDADURA,ISL9200H2507,ELECTRODO SUPER DUPLEX 2507 3/32in,KG,135.0,0.0,0.0,0.0,135.0,35029.0,4728915.0,SM_STOCK CASA MATRIZ.xlsx
SM,STOCK CASA MATRIZ,I,INSUMOS,SL,SOLDADURA,ISL9200O7018,ELECTRODO 7018  1/8  in,KG,2.0,0.0,0.0,0.0,2.0,2495.89,4992.0,SM_STOCK CASA MATRIZ.xlsx
SM,STOCK CASA MATRIZ,I,INSUMOS,SL,SOLDADURA,ISL92025NN00,"ELECTRODO 2,5MM NICRMO3 DUPLEX",,5.0,0.0,0.0,0.0,5.0,1890.0,9450.0,SM_STOCK CASA MATRIZ.xlsx
SM,STOCK CASA MATRIZ,I,INSUMOS,SL,SOLDADURA,ISL93009316L,ALAMBRE SOLDADURA MIG SOLIDO 0.9MM 316L,KG,15.0,0.0,0.0,0.0,15.0,20947.0,314205.0,SM_STOCK CASA MATRIZ.xlsx
SM,STOCK CASA MATRIZ,I,INSUMOS,SL,SOLDADURA,ISL9300EST00,ALAMBRE SOLDADURA ESTAÑO,KG,2.0,0.0,0.0,0.0,2.0,7247.5,14495.0,SM_STOCK CASA MATRIZ.xlsx
SM,STOCK CASA MATRIZ,I,INSUMOS,SL,SOLDADURA,ISL94012316L,ALAMBRE DE SOLDADURA 316L TUBULAR 1.2 MM MIG,,60.0,0.0,0.0,0.0,60.0,14305.0,858300.0,SM_STOCK CASA MATRIZ.xlsx
SM,STOCK CASA MATRIZ,I,INSUMOS,SL,SOLDADURA,ISL94012SS00,ALAMBRE SOLDADURA MIG TUBULAR 1.2 MM 316L,KG,30.0,0.0,0.0,0.0,30.0,13590.0,407700.0,SM_STOCK CASA MATRIZ.xlsx
SM,STOCK CASA MATRIZ,I,INSUMOS,SL,SOLDADURA,ISL9500HSS00,TUNGSTENO 3/32in 5% TORIO PUNTO VERDE,UN,6.0,0.0,0.0,0.0,6.0,2500.0,15000.0,SM_STOCK CASA MATRIZ.xlsx
SM,STOCK CASA MATRIZ,I,INSUMOS,SL,SOLDADURA,ISL983K4000C,TORCHADOR 1200 AMP K 4000,UN,4.0,0.0,0.0,0.0,4.0,78154.0,312616.0,SM_STOCK CASA MATRIZ.xlsx
SM,STOCK CASA MATRIZ,I,INSUMOS,SL,SOLDADURA,ISL98600DP0,ELECTRODO DURAMAX PMX PLASMA,,62.0,0.0,0.0,0.0,62.0,10896.81,675602.0,SM_STOCK CASA MATRIZ.xlsx
SM,STOCK CASA MATRIZ,I,INSUMOS,SL,SOLDADURA,ISL98600NNCC,ELECTRODO PLASMA 9-8215,UN,99.0,0.0,0.0,0.0,99.0,4250.0,420750.0,SM_STOCK CASA MATRIZ.xlsx
Total Sub Grupo : SL,,,,,,nan,,,515.0,0.0,0.0,0.0,515.0,,8626500.0,SM_STOCK CASA MATRIZ.xlsx
,,,,,,nan,,,,,,,,,,SM_STOCK CASA MATRIZ.xlsx
Total Grupo : I,,,,,,nan,,,533.0,0.0,0.0,0.0,533.0,,8758879.0,SM_STOCK CASA MATRIZ.xlsx
,,,,,,nan,,,,,,,,,,SM_STOCK CASA MATRIZ.xlsx
Total Final : ,,,,,,nan,,,5325.0,0.0,0.0,0.0,5325.0,,67779147.0,SM_STOCK CASA MATRIZ.xlsx
SS,STOCK SUCURSAL LA CHIMBA,,,,,H500MQAGC329,ENZUNCHADORA AGC33 ACERO 13-16-19MM MANUAL,,2.0,0.0,0.0,0.0,2.0,19900.0,39800.0,SS_STOCK SUCURSAL LA CHIMBA.xlsx
SS,STOCK SUCURSAL LA CHIMBA,,,,,RODILLOCHI00,RODILLO CHIPORRO ,,50.0,0.0,0.0,0.0,50.0,0.0,0.0,SS_STOCK SUCURSAL LA CHIMBA.xlsx
Total Sub Grupo : Sin Sub Grupo,,,,,,nan,,,52.0,0.0,0.0,0.0,52.0,,39800.0,SS_STOCK SUCURSAL LA CHIMBA.xlsx
,,,,,,nan,,,,,,,,,,SS_STOCK SUCURSAL LA CHIMBA.xlsx
Total Grupo : Sin Grupo,,,,,,nan,,,52.0,0.0,0.0,0.0,52.0,,39800.0,SS_STOCK SUCURSAL LA CHIMBA.xlsx
,,,,,,nan,,,,,,,,,,SS_STOCK SUCURSAL LA CHIMBA.xlsx
SS,STOCK SUCURSAL LA CHIMBA,102,MADERAS,EM,EMBALAJE,IEM540CINTRB,CINTA EMBALAJE TRANSPARENTE,UN,71.0,0.0,0.0,0.0,71.0,526.0,37346.0,SS_STOCK SUCURSAL LA CHIMBA.xlsx
SS,STOCK SUCURSAL LA CHIMBA,102,MADERAS,EM,EMBALAJE,IEM55042MD00,MADERA DIMENSIONADO VERDE 4 X2 X 3200,UN,100.0,0.0,0.0,0.0,100.0,4028.78,402878.0,SS_STOCK SUCURSAL LA CHIMBA.xlsx
SS,STOCK SUCURSAL LA CHIMBA,102,MADERAS,EM,EMBALAJE,IEM56003SCNN,CLAVO 3'',KG,3.0,0.0,0.0,0.0,3.0,1210.08,3630.0,SS_STOCK SUCURSAL LA CHIMBA.xlsx
SS,STOCK SUCURSAL LA CHIMBA,102,MADERAS,EM,EMBALAJE,IEM56004NN00,CLAVO 4 PLG,KG,50.0,0.0,0.0,0.0,50.0,1380.0,69000.0,SS_STOCK SUCURSAL LA CHIMBA.xlsx
SS,STOCK SUCURSAL LA CHIMBA,102,MADERAS,EM,EMBALAJE,IEM56004SCNN,CLAVO 4'',KG,2.0,0.0,0.0,0.0,2.0,1176.0,2352.0,SS_STOCK SUCURSAL LA CHIMBA.xlsx
SS,STOCK SUCURSAL LA CHIMBA,102,MADERAS,EM,EMBALAJE,IEM56006NN00,CLAVO 6 PLG,KG,2.0,0.0,0.0,0.0,2.0,1904.0,3808.0,SS_STOCK SUCURSAL LA CHIMBA.xlsx
Total Sub Grupo : EM,,,,,,nan,,,228.0,0.0,0.0,0.0,228.0,,519014.0,SS_STOCK SUCURSAL LA CHIMBA.xlsx
,,,,,,nan,,,,,,,,,,SS_STOCK SUCURSAL LA CHIMBA.xlsx
Total Grupo : 102,,,,,,nan,,,228.0,0.0,0.0,0.0,228.0,,519014.0,SS_STOCK SUCURSAL LA CHIMBA.xlsx
,,,,,,nan,,,,,,,,,,SS_STOCK SUCURSAL LA CHIMBA.xlsx
SS,STOCK SUCURSAL LA CHIMBA,108,PINTURAS,047,DILUYENTES,ILI030RVGONN,RENOVADOR DE GOMA TINTA VULK P/PNEUS,LT,10.0,0.0,0.0,0.0,10.0,0.0,0.0,SS_STOCK SUCURSAL LA CHIMBA.xlsx
Total Sub Grupo : 047,,,,,,nan,,,10.0,0.0,0.0,0.0,10.0,,0.0,SS_STOCK SUCURSAL LA CHIMBA.xlsx
,,,,,,nan,,,,,,,,,,SS_STOCK SUCURSAL LA CHIMBA.xlsx
SS,STOCK SUCURSAL LA CHIMBA,108,PINTURAS,GM,GOMA,IPNIMPRIMA01,ADHESIVO IMPRIMANTE ANTICORROSIVO GRIS  MEGUN 3270,KG,40.0,0.0,0.0,0.0,40.0,0.0,0.0,SS_STOCK SUCURSAL LA CHIMBA.xlsx
SS,STOCK SUCURSAL LA CHIMBA,108,PINTURAS,GM,GOMA,IPNIMPRIMA02,ADHESIVO IMPRIMANTE MEGUN 128 (UN 1993),LT,40.0,0.0,0.0,0.0,40.0,0.0,0.0,SS_STOCK SUCURSAL LA CHIMBA.xlsx
Total Sub Grupo : GM,,,,,,nan,,,80.0,0.0,0.0,0.0,80.0,,0.0,SS_STOCK SUCURSAL LA CHIMBA.xlsx
,,,,,,nan,,,,,,,,,,SS_STOCK SUCURSAL LA CHIMBA.xlsx
SS,STOCK SUCURSAL LA CHIMBA,108,PINTURAS,PN,PINTURA,IPN20700CCVM,CEMENTO COLA VULK MULTIUSO,LT,200.0,0.0,0.0,0.0,200.0,0.0,0.0,SS_STOCK SUCURSAL LA CHIMBA.xlsx
SS,STOCK SUCURSAL LA CHIMBA,108,PINTURAS,PN,PINTURA,IPN850120000,GEL DECAPANTE ACERO INOX 1200GRS,UN,3.0,0.0,0.0,0.0,3.0,27246.78,81740.0,SS_STOCK SUCURSAL LA CHIMBA.xlsx
SS,STOCK SUCURSAL LA CHIMBA,108,PINTURAS,PN,PINTURA,IPN960PTAZUL,PASTA AZUL,KG,64.0,0.0,0.0,0.0,64.0,13486.0,863104.0,SS_STOCK SUCURSAL LA CHIMBA.xlsx
Total Sub Grupo : PN,,,,,,nan,,,267.0,0.0,0.0,0.0,267.0,,944844.0,SS_STOCK SUCURSAL LA CHIMBA.xlsx
,,,,,,nan,,,,,,,,,,SS_STOCK SUCURSAL LA CHIMBA.xlsx
Total Grupo : 108,,,,,,nan,,,357.0,0.0,0.0,0.0,357.0,,944844.0,SS_STOCK SUCURSAL LA CHIMBA.xlsx
,,,,,,nan,,,,,,,,,,SS_STOCK SUCURSAL LA CHIMBA.xlsx
SS,STOCK SUCURSAL LA CHIMBA,113,ELECTRICOS,EL,ELECTRICO,IEL132T836WN,TUBO FLUO T8 36W/540 G13 LUZ DIA,UN,2.0,0.0,0.0,0.0,2.0,731.0,1462.0,SS_STOCK SUCURSAL LA CHIMBA.xlsx
SS,STOCK SUCURSAL LA CHIMBA,113,ELECTRICOS,EL,ELECTRICO,IEL13912MT00,BOQUILLA GALV B.C. 1 1/2,UN,503.0,0.0,0.0,0.0,503.0,299.0,150397.0,SS_STOCK SUCURSAL LA CHIMBA.xlsx
SS,STOCK SUCURSAL LA CHIMBA,113,ELECTRICOS,EL,ELECTRICO,IEL261CAD115,CARGA CADWELD 115,UN,21.0,0.0,0.0,0.0,21.0,7800.0,163800.0,SS_STOCK SUCURSAL LA CHIMBA.xlsx
SS,STOCK SUCURSAL LA CHIMBA,113,ELECTRICOS,EL,ELECTRICO,IEL320380V00,TOMA S/P 32A. 3P + 380V. IP-44 PCE,UN,5.0,0.0,0.0,0.0,5.0,5000.0,25000.0,SS_STOCK SUCURSAL LA CHIMBA.xlsx
SS,STOCK SUCURSAL LA CHIMBA,113,ELECTRICOS,EL,ELECTRICO,IEL3312216LG,ENCHUFE HEMBRA VOLANTE 220 V  16A 2P+T,UN,69.0,0.0,0.0,0.0,69.0,4108.55,283490.0,SS_STOCK SUCURSAL LA CHIMBA.xlsx
SS,STOCK SUCURSAL LA CHIMBA,113,ELECTRICOS,EL,ELECTRICO,IEL3322216LG,ENCHUFE MACHO VOLANTE  220 V  16A 2P+T,UN,113.0,0.0,0.0,0.0,113.0,2228.72,251846.0,SS_STOCK SUCURSAL LA CHIMBA.xlsx
SS,STOCK SUCURSAL LA CHIMBA,113,ELECTRICOS,EL,ELECTRICO,IEL3353832LG,ENCHUFE HEMBRA VOLANTE 380 V  32A 3P+T,UN,58.0,0.0,0.0,0.0,58.0,6083.22,352827.0,SS_STOCK SUCURSAL LA CHIMBA.xlsx
SS,STOCK SUCURSAL LA CHIMBA,113,ELECTRICOS,EL,ELECTRICO,IEL463TIEBT5,CONJUNTO PUESTA A TIERRA DE BT,UN,4.0,0.0,0.0,0.0,4.0,108115.0,432460.0,SS_STOCK SUCURSAL LA CHIMBA.xlsx
SS,STOCK SUCURSAL LA CHIMBA,113,ELECTRICOS,EL,ELECTRICO,IEL4783X16AH,ENCHUFE HEMBRA 3 X 16A,UN,215.0,0.0,0.0,0.0,215.0,874.0,187910.0,SS_STOCK SUCURSAL LA CHIMBA.xlsx
Total Sub Grupo : EL,,,,,,nan,,,990.0,0.0,0.0,0.0,990.0,,1849192.0,SS_STOCK SUCURSAL LA CHIMBA.xlsx
,,,,,,nan,,,,,,,,,,SS_STOCK SUCURSAL LA CHIMBA.xlsx
Total Grupo : 113,,,,,,nan,,,990.0,0.0,0.0,0.0,990.0,,1849192.0,SS_STOCK SUCURSAL LA CHIMBA.xlsx
,,,,,,nan,,,,,,,,,,SS_STOCK SUCURSAL LA CHIMBA.xlsx
SS,STOCK SUCURSAL LA CHIMBA,115,GASES,GA,GAS,IGA32000NN01,GAS ATAL (MEZCLA),UN,8.0,0.0,0.0,0.0,8.0,95000.0,760000.0,SS_STOCK SUCURSAL LA CHIMBA.xlsx
Total Sub Grupo : GA,,,,,,nan,,,8.0,0.0,0.0,0.0,8.0,,760000.0,SS_STOCK SUCURSAL LA CHIMBA.xlsx
,,,,,,nan,,,,,,,,,,SS_STOCK SUCURSAL LA CHIMBA.xlsx
Total Grupo : 115,,,,,,nan,,,8.0,0.0,0.0,0.0,8.0,,760000.0,SS_STOCK SUCURSAL LA CHIMBA.xlsx
,,,,,,nan,,,,,,,,,,SS_STOCK SUCURSAL LA CHIMBA.xlsx
SS,STOCK SUCURSAL LA CHIMBA,116,LAVADOS,LI,LIMPIEZA,ILI0102016EL,PAPEL HIGIENICO 16 ROLLOS 20MT H/TRIPLE EL,UN,16.0,0.0,0.0,0.0,16.0,4980.0,79680.0,SS_STOCK SUCURSAL LA CHIMBA.xlsx
SS,STOCK SUCURSAL LA CHIMBA,116,LAVADOS,LI,LIMPIEZA,ILI0105LTSKL,JABON LIQUIDO 5 LTS. ALMENDRA KLAREN,UN,7.0,0.0,0.0,0.0,7.0,6274.0,43918.0,SS_STOCK SUCURSAL LA CHIMBA.xlsx
SS,STOCK SUCURSAL LA CHIMBA,116,LAVADOS,LI,LIMPIEZA,ILI010GUAN00,GUANTE DE LATEX AMARILLOS,UN,3.0,0.0,0.0,0.0,3.0,613.0,1839.0,SS_STOCK SUCURSAL LA CHIMBA.xlsx
SS,STOCK SUCURSAL LA CHIMBA,116,LAVADOS,LI,LIMPIEZA,ILI010INSE00,INSECTICIDA MATA MOSCAS 360CC. RAID,UN,14.0,0.0,0.0,0.0,14.0,1860.0,26040.0,SS_STOCK SUCURSAL LA CHIMBA.xlsx
SS,STOCK SUCURSAL LA CHIMBA,116,LAVADOS,LI,LIMPIEZA,ILI010MOPA00,MOPA MICROFIBRA C/MANGO COMPLETA FIBRO,UN,2.0,0.0,0.0,0.0,2.0,4542.86,9086.0,SS_STOCK SUCURSAL LA CHIMBA.xlsx
SS,STOCK SUCURSAL LA CHIMBA,116,LAVADOS,LI,LIMPIEZA,ILI050ESCOBR,ESCOBILLON EXTERIOR SCTOCH BRITE,UN,18.0,0.0,0.0,0.0,18.0,25750.0,463500.0,SS_STOCK SUCURSAL LA CHIMBA.xlsx
SS,STOCK SUCURSAL LA CHIMBA,116,LAVADOS,LI,LIMPIEZA,ILI060507000,BOLSA DE BASURA 50 X 70,UN,140.0,0.0,0.0,0.0,140.0,933.0,130620.0,SS_STOCK SUCURSAL LA CHIMBA.xlsx
SS,STOCK SUCURSAL LA CHIMBA,116,LAVADOS,LI,LIMPIEZA,ILI060709000,BOLSA BASURA 70 X 90 CM,UN,319.0,0.0,0.0,0.0,319.0,692.72,220978.0,SS_STOCK SUCURSAL LA CHIMBA.xlsx
SS,STOCK SUCURSAL LA CHIMBA,116,LAVADOS,LI,LIMPIEZA,ILI060801200,BOLSAS DE BASURA 80 X 120,UN,118.0,0.0,0.0,0.0,118.0,1071.49,126436.0,SS_STOCK SUCURSAL LA CHIMBA.xlsx
SS,STOCK SUCURSAL LA CHIMBA,116,LAVADOS,LI,LIMPIEZA,ILI080NNNN00,CLORO,UN,2.0,0.0,0.0,0.0,2.0,4387.0,8774.0,SS_STOCK SUCURSAL LA CHIMBA.xlsx
SS,STOCK SUCURSAL LA CHIMBA,116,LAVADOS,LI,LIMPIEZA,ILI090NNNN00,CLORO GEL,UN,19.0,0.0,0.0,0.0,19.0,4333.0,82327.0,SS_STOCK SUCURSAL LA CHIMBA.xlsx
SS,STOCK SUCURSAL LA CHIMBA,116,LAVADOS,LI,LIMPIEZA,ILI120NNNN00,DESINFECTANTE AMBIENTAL,UN,11.0,0.0,0.0,0.0,11.0,3438.0,37818.0,SS_STOCK SUCURSAL LA CHIMBA.xlsx
SS,STOCK SUCURSAL LA CHIMBA,116,LAVADOS,LI,LIMPIEZA,ILI130NNNN00,DESODORANTE AMBIENTAL,UN,11.0,0.0,0.0,0.0,11.0,1398.31,15381.0,SS_STOCK SUCURSAL LA CHIMBA.xlsx
SS,STOCK SUCURSAL LA CHIMBA,116,LAVADOS,LI,LIMPIEZA,ILI160NNNN00,ESCOBILLON,UN,2.0,0.0,0.0,0.0,2.0,3528.0,7056.0,SS_STOCK SUCURSAL LA CHIMBA.xlsx
SS,STOCK SUCURSAL LA CHIMBA,116,LAVADOS,LI,LIMPIEZA,ILI170000400,ESPONJA CLASICA,UN,10.0,0.0,0.0,0.0,10.0,831.0,8310.0,SS_STOCK SUCURSAL LA CHIMBA.xlsx
SS,STOCK SUCURSAL LA CHIMBA,116,LAVADOS,LI,LIMPIEZA,ILI280NNNN00,LIMPIADOR PARA PISOS,UN,1.0,0.0,0.0,0.0,1.0,2497.5,2498.0,SS_STOCK SUCURSAL LA CHIMBA.xlsx
Total Sub Grupo : LI,,,,,,nan,,,693.0,0.0,0.0,0.0,693.0,,1264261.0,SS_STOCK SUCURSAL LA CHIMBA.xlsx
,,,,,,nan,,,,,,,,,,SS_STOCK SUCURSAL LA CHIMBA.xlsx
Total Grupo : 116,,,,,,nan,,,693.0,0.0,0.0,0.0,693.0,,1264261.0,SS_STOCK SUCURSAL LA CHIMBA.xlsx
,,,,,,nan,,,,,,,,,,SS_STOCK SUCURSAL LA CHIMBA.xlsx
SS,STOCK SUCURSAL LA CHIMBA,118,PERNOS,,,A193PEHEX212,pernos hexagonal de 1 ½  x 8 hilos por pulgada x 2 ½ A193 B7,UN,50.0,0.0,0.0,0.0,50.0,18500.0,925000.0,SS_STOCK SUCURSAL LA CHIMBA.xlsx
SS,STOCK SUCURSAL LA CHIMBA,118,PERNOS,,,A316LPE1C6MY,PERNO HEXAGONAL 316L 1 1/4`` X 6 1/2'',UN,368.0,0.0,0.0,0.0,368.0,484.0,178112.0,SS_STOCK SUCURSAL LA CHIMBA.xlsx
Total Sub Grupo : Sin Sub Grupo,,,,,,nan,,,418.0,0.0,0.0,0.0,418.0,,1103112.0,SS_STOCK SUCURSAL LA CHIMBA.xlsx
,,,,,,nan,,,,,,,,,,SS_STOCK SUCURSAL LA CHIMBA.xlsx
SS,STOCK SUCURSAL LA CHIMBA,118,PERNOS,PE,PERNO,IAZ32008NNMA,REMACHE TIPO POP 3.2X8MM,UN,3.0,0.0,0.0,0.0,3.0,16.0,48.0,SS_STOCK SUCURSAL LA CHIMBA.xlsx
Total Sub Grupo : PE,,,,,,nan,,,3.0,0.0,0.0,0.0,3.0,,48.0,SS_STOCK SUCURSAL LA CHIMBA.xlsx
,,,,,,nan,,,,,,,,,,SS_STOCK SUCURSAL LA CHIMBA.xlsx
Total Grupo : 118,,,,,,nan,,,421.0,0.0,0.0,0.0,421.0,,1103160.0,SS_STOCK SUCURSAL LA CHIMBA.xlsx
,,,,,,nan,,,,,,,,,,SS_STOCK SUCURSAL LA CHIMBA.xlsx
SS,STOCK SUCURSAL LA CHIMBA,120,QUIMICOS,OT,OTROS,IOT070ALPEMD,ALIMENTO PERRO ADULTO 18 KGS.  MASTER DOG,UN,3.1,0.0,0.0,0.0,3.1,25877.36,80220.0,SS_STOCK SUCURSAL LA CHIMBA.xlsx
SS,STOCK SUCURSAL LA CHIMBA,120,QUIMICOS,OT,OTROS,IOT100HS5049,RODAMIENTO MODELO HS5049B,UN,1.0,0.0,0.0,0.0,1.0,27950.0,27950.0,SS_STOCK SUCURSAL LA CHIMBA.xlsx
SS,STOCK SUCURSAL LA CHIMBA,120,QUIMICOS,OT,OTROS,IOT13100NN00,PISO PLASTICO COLORES,UN,1.0,0.0,0.0,0.0,1.0,1672.26,1672.0,SS_STOCK SUCURSAL LA CHIMBA.xlsx
SS,STOCK SUCURSAL LA CHIMBA,120,QUIMICOS,OT,OTROS,IOT1450NN01,PORTA TIZA MARCA METAL,UN,11.0,0.0,0.0,0.0,11.0,1990.0,21890.0,SS_STOCK SUCURSAL LA CHIMBA.xlsx
SS,STOCK SUCURSAL LA CHIMBA,120,QUIMICOS,OT,OTROS,IOT189NNNN00,DISPENSADOR TOALLA PAPEL,UN,3.0,0.0,0.0,0.0,3.0,65290.0,195870.0,SS_STOCK SUCURSAL LA CHIMBA.xlsx
SS,STOCK SUCURSAL LA CHIMBA,120,QUIMICOS,OT,OTROS,IOT200AMARIL,PLUMON MARCA METAL AMARILLO,UN,20.0,0.0,0.0,0.0,20.0,1505.04,30101.0,SS_STOCK SUCURSAL LA CHIMBA.xlsx
SS,STOCK SUCURSAL LA CHIMBA,120,QUIMICOS,OT,OTROS,IOT20304NN00,BROCHA ESTAMPA CERDA  4 IN,UN,1.0,0.0,0.0,0.0,1.0,2754.53,2755.0,SS_STOCK SUCURSAL LA CHIMBA.xlsx
SS,STOCK SUCURSAL LA CHIMBA,120,QUIMICOS,OT,OTROS,IOT223CHIS00,CHISPERO TIPO COPA,UN,15.0,0.0,0.0,0.0,15.0,1151.0,17265.0,SS_STOCK SUCURSAL LA CHIMBA.xlsx
SS,STOCK SUCURSAL LA CHIMBA,120,QUIMICOS,OT,OTROS,IOT224PIED00,PIEDRA PARA CHISPERO,UN,47.0,0.0,0.0,0.0,47.0,175.0,8225.0,SS_STOCK SUCURSAL LA CHIMBA.xlsx
SS,STOCK SUCURSAL LA CHIMBA,120,QUIMICOS,OT,OTROS,IOT228240NN0,ADHESIVO VINILIT TARRO C/O 240CC,UN,2.0,0.0,0.0,0.0,2.0,3440.33,6881.0,SS_STOCK SUCURSAL LA CHIMBA.xlsx
SS,STOCK SUCURSAL LA CHIMBA,120,QUIMICOS,OT,OTROS,IOT242AGOR00,CINTA TAPAGOTERAS AGOREX 10 MT,UN,2.0,0.0,0.0,0.0,2.0,20613.5,41227.0,SS_STOCK SUCURSAL LA CHIMBA.xlsx
SS,STOCK SUCURSAL LA CHIMBA,120,QUIMICOS,OT,OTROS,IOT294NN0000,CERRADURA BOLA DORMITORIO,UN,1.0,0.0,0.0,0.0,1.0,20925.0,20925.0,SS_STOCK SUCURSAL LA CHIMBA.xlsx
SS,STOCK SUCURSAL LA CHIMBA,120,QUIMICOS,OT,OTROS,IOT30055RB00,AMARRAS PLASTICAS 550x8.0,UN,89.0,0.0,0.0,0.0,89.0,252.0,22428.0,SS_STOCK SUCURSAL LA CHIMBA.xlsx
SS,STOCK SUCURSAL LA CHIMBA,120,QUIMICOS,OT,OTROS,IOT30130RB00,AMARRAS PLASTICAS 300x4.8,UN,88.0,0.0,0.0,0.0,88.0,59.0,5192.0,SS_STOCK SUCURSAL LA CHIMBA.xlsx
SS,STOCK SUCURSAL LA CHIMBA,120,QUIMICOS,OT,OTROS,IOT301FCNN00,FLUIDO DE CORTE TAP MATIC 1 LTS,LT,2.0,0.0,0.0,0.0,2.0,25753.07,51506.0,SS_STOCK SUCURSAL LA CHIMBA.xlsx
SS,STOCK SUCURSAL LA CHIMBA,120,QUIMICOS,OT,OTROS,IOTI0ZABOLSA,TIZA BOLSA 1 KG,UN,7.0,0.0,0.0,0.0,7.0,1317.43,9222.0,SS_STOCK SUCURSAL LA CHIMBA.xlsx
SS,STOCK SUCURSAL LA CHIMBA,120,QUIMICOS,OT,OTROS,IOTI0ZACERAA,TIZA DE CERA,UN,561.0,0.0,0.0,0.0,561.0,790.0,443190.0,SS_STOCK SUCURSAL LA CHIMBA.xlsx
SS,STOCK SUCURSAL LA CHIMBA,120,QUIMICOS,OT,OTROS,IOTLOCYRV243,PEGAMENTO LOCTITE PARA ENGOMADO,UN,4.0,0.0,0.0,0.0,4.0,7500.0,30000.0,SS_STOCK SUCURSAL LA CHIMBA.xlsx
SS,STOCK SUCURSAL LA CHIMBA,120,QUIMICOS,OT,OTROS,IOTMAXISACOS,MAXISACOS DE 1000 KILOS,UN,50.0,0.0,0.0,0.0,50.0,9990.0,499500.0,SS_STOCK SUCURSAL LA CHIMBA.xlsx
SS,STOCK SUCURSAL LA CHIMBA,120,QUIMICOS,OT,OTROS,IOTTALCOINDU,TALCO INDUSTRIAL,UN,110.0,0.0,0.0,0.0,110.0,2923.0,321530.0,SS_STOCK SUCURSAL LA CHIMBA.xlsx
Total Sub Grupo : OT,,,,,,nan,,,1018.1,0.0,0.0,0.0,1018.1,,1837548.0,SS_STOCK SUCURSAL LA CHIMBA.xlsx
,,,,,,nan,,,,,,,,,,SS_STOCK SUCURSAL LA CHIMBA.xlsx
Total Grupo : 120,,,,,,nan,,,1018.1,0.0,0.0,0.0,1018.1,,1837548.0,SS_STOCK SUCURSAL LA CHIMBA.xlsx
,,,,,,nan,,,,,,,,,,SS_STOCK SUCURSAL LA CHIMBA.xlsx
SS,STOCK SUCURSAL LA CHIMBA,121,SERVICIOS DE TERCERO,PP,SERVICIO PRUEBAS,SEPPINTIPE00,SERVICIO INSPECCION TINTAS PENETRANTES,UN,5.0,0.0,0.0,0.0,5.0,340000.0,1700000.0,SS_STOCK SUCURSAL LA CHIMBA.xlsx
Total Sub Grupo : PP,,,,,,nan,,,5.0,0.0,0.0,0.0,5.0,,1700000.0,SS_STOCK SUCURSAL LA CHIMBA.xlsx
,,,,,,nan,,,,,,,,,,SS_STOCK SUCURSAL LA CHIMBA.xlsx
SS,STOCK SUCURSAL LA CHIMBA,121,SERVICIOS DE TERCERO,QQ,SERVICIO MANTENCION EQUIPOS,SEQQBOSC1010,MANTENCION DE TALADRO CON BASE MACNETICA BOSCH,UN,1.0,0.0,0.0,0.0,1.0,59600.0,59600.0,SS_STOCK SUCURSAL LA CHIMBA.xlsx
Total Sub Grupo : QQ,,,,,,nan,,,1.0,0.0,0.0,0.0,1.0,,59600.0,SS_STOCK SUCURSAL LA CHIMBA.xlsx
,,,,,,nan,,,,,,,,,,SS_STOCK SUCURSAL LA CHIMBA.xlsx
Total Grupo : 121,,,,,,nan,,,6.0,0.0,0.0,0.0,6.0,,1759600.0,SS_STOCK SUCURSAL LA CHIMBA.xlsx
,,,,,,nan,,,,,,,,,,SS_STOCK SUCURSAL LA CHIMBA.xlsx
SS,STOCK SUCURSAL LA CHIMBA,122,SOLDADURAS,BQ,BOQUILLA,IBQ22002NN00,BOQUILLA OXICORTE MANUAL N°2,UN,13.0,0.0,0.0,0.0,13.0,5309.91,69029.0,SS_STOCK SUCURSAL LA CHIMBA.xlsx
SS,STOCK SUCURSAL LA CHIMBA,122,SOLDADURAS,BQ,BOQUILLA,IBQ22003NN00,BOQUILLA OXICORTE MANUAL N°3,UN,20.0,0.0,0.0,0.0,20.0,4069.25,81385.0,SS_STOCK SUCURSAL LA CHIMBA.xlsx
SS,STOCK SUCURSAL LA CHIMBA,122,SOLDADURAS,BQ,BOQUILLA,IBQ22004NN00,BOQUILLA OXICORTE MANUAL N°4,UN,19.0,0.0,0.0,0.0,19.0,4051.79,76984.0,SS_STOCK SUCURSAL LA CHIMBA.xlsx
SS,STOCK SUCURSAL LA CHIMBA,122,SOLDADURAS,BQ,BOQUILLA,IBQ22005NN00,BOQUILLA OXICORTE MANUAL N°5,UN,15.0,0.0,0.0,0.0,15.0,4682.97,70244.0,SS_STOCK SUCURSAL LA CHIMBA.xlsx
SS,STOCK SUCURSAL LA CHIMBA,122,SOLDADURAS,BQ,BOQUILLA,IBQ24016NNCI,TOBERA MIG 16 MM TWECO  - 2362,UN,486.0,0.0,0.0,0.0,486.0,4202.21,2042274.0,SS_STOCK SUCURSAL LA CHIMBA.xlsx
Total Sub Grupo : BQ,,,,,,nan,,,553.0,0.0,0.0,0.0,553.0,,2339916.0,SS_STOCK SUCURSAL LA CHIMBA.xlsx
,,,,,,nan,,,,,,,,,,SS_STOCK SUCURSAL LA CHIMBA.xlsx
Total Grupo : 122,,,,,,nan,,,553.0,0.0,0.0,0.0,553.0,,2339916.0,SS_STOCK SUCURSAL LA CHIMBA.xlsx
,,,,,,nan,,,,,,,,,,SS_STOCK SUCURSAL LA CHIMBA.xlsx
SS,STOCK SUCURSAL LA CHIMBA,127,HERRAMIENTAS,,,H300RGAR0000,REGULADOR ARGON,UN,8.0,0.0,0.0,0.0,8.0,37782.0,302256.0,SS_STOCK SUCURSAL LA CHIMBA.xlsx
SS,STOCK SUCURSAL LA CHIMBA,127,HERRAMIENTAS,,,H300RPCIMT01,REGULADOR FLUJOMETRO OXIGENO,UN,7.0,0.0,0.0,0.0,7.0,36410.57,254874.0,SS_STOCK SUCURSAL LA CHIMBA.xlsx
SS,STOCK SUCURSAL LA CHIMBA,127,HERRAMIENTAS,,,H300RPCIMT37,REGULADOR MANOMETRO PROPANO,UN,15.0,0.0,0.0,0.0,15.0,33312.2,499683.0,SS_STOCK SUCURSAL LA CHIMBA.xlsx
Total Sub Grupo : Sin Sub Grupo,,,,,,nan,,,30.0,0.0,0.0,0.0,30.0,,1056813.0,SS_STOCK SUCURSAL LA CHIMBA.xlsx
,,,,,,nan,,,,,,,,,,SS_STOCK SUCURSAL LA CHIMBA.xlsx
SS,STOCK SUCURSAL LA CHIMBA,127,HERRAMIENTAS,AZ,ABRAZADERA,IAZABRAZACEI,ABRAZADERA DE ACERO INOX,UN,3.0,0.0,0.0,0.0,3.0,798.0,2394.0,SS_STOCK SUCURSAL LA CHIMBA.xlsx
Total Sub Grupo : AZ,,,,,,nan,,,3.0,0.0,0.0,0.0,3.0,,2394.0,SS_STOCK SUCURSAL LA CHIMBA.xlsx
,,,,,,nan,,,,,,,,,,SS_STOCK SUCURSAL LA CHIMBA.xlsx
SS,STOCK SUCURSAL LA CHIMBA,127,HERRAMIENTAS,BC,BROCA,IBR70111SC00,BROCA ANULAR 11 MM,UN,9.0,0.0,0.0,0.0,9.0,9044.0,81396.0,SS_STOCK SUCURSAL LA CHIMBA.xlsx
SS,STOCK SUCURSAL LA CHIMBA,127,HERRAMIENTAS,BC,BROCA,IBR70114SC00,BROCA ANULAR 14 MM,UN,2.0,0.0,0.0,0.0,2.0,26408.11,52816.0,SS_STOCK SUCURSAL LA CHIMBA.xlsx
SS,STOCK SUCURSAL LA CHIMBA,127,HERRAMIENTAS,BC,BROCA,IBR70116SC00,BROCA ANULAR 16 MM,UN,5.0,0.0,0.0,0.0,5.0,32617.69,163088.0,SS_STOCK SUCURSAL LA CHIMBA.xlsx
SS,STOCK SUCURSAL LA CHIMBA,127,HERRAMIENTAS,BC,BROCA,IBR70117SCMK,BROCA ANULAR 17 MM,UN,6.0,0.0,0.0,0.0,6.0,27833.24,166999.0,SS_STOCK SUCURSAL LA CHIMBA.xlsx
SS,STOCK SUCURSAL LA CHIMBA,127,HERRAMIENTAS,BC,BROCA,IBR70118SCMK,BROCA ANULAR 18 MM,UN,6.0,0.0,0.0,0.0,6.0,25718.54,154311.0,SS_STOCK SUCURSAL LA CHIMBA.xlsx
SS,STOCK SUCURSAL LA CHIMBA,127,HERRAMIENTAS,BC,BROCA,IBR70119SC00,BROCA ANULAR 19 MM,UN,7.0,0.0,0.0,0.0,7.0,24692.07,172844.0,SS_STOCK SUCURSAL LA CHIMBA.xlsx
SS,STOCK SUCURSAL LA CHIMBA,127,HERRAMIENTAS,BC,BROCA,IBR70120SC00,BROCA ANULAR 20 MM,UN,8.0,0.0,0.0,0.0,8.0,29226.11,233809.0,SS_STOCK SUCURSAL LA CHIMBA.xlsx
SS,STOCK SUCURSAL LA CHIMBA,127,HERRAMIENTAS,BC,BROCA,IBR70121SC00,BROCA ANULAR 21 MM,UN,7.0,0.0,0.0,0.0,7.0,29981.88,209873.0,SS_STOCK SUCURSAL LA CHIMBA.xlsx
SS,STOCK SUCURSAL LA CHIMBA,127,HERRAMIENTAS,BC,BROCA,IBR70122SCMK,BROCA ANULAR 22 MM,UN,6.0,0.0,0.0,0.0,6.0,29104.16,174625.0,SS_STOCK SUCURSAL LA CHIMBA.xlsx
SS,STOCK SUCURSAL LA CHIMBA,127,HERRAMIENTAS,BC,BROCA,IBR70125SCMW,BROCA ANULAR 25 MM,UN,1.0,0.0,0.0,0.0,1.0,47704.21,47704.0,SS_STOCK SUCURSAL LA CHIMBA.xlsx
SS,STOCK SUCURSAL LA CHIMBA,127,HERRAMIENTAS,BC,BROCA,IBR70126SCMK,BROCA ANULAR 26 MM,UN,7.0,0.0,0.0,0.0,7.0,43465.63,304259.0,SS_STOCK SUCURSAL LA CHIMBA.xlsx
SS,STOCK SUCURSAL LA CHIMBA,127,HERRAMIENTAS,BC,BROCA,IBR70127SCMK,BROCA ANULAR 27 MM,UN,3.0,0.0,0.0,0.0,3.0,37183.65,111551.0,SS_STOCK SUCURSAL LA CHIMBA.xlsx
SS,STOCK SUCURSAL LA CHIMBA,127,HERRAMIENTAS,BC,BROCA,IBR70129SCMK,BROCA ANULAR 29 MM,UN,6.0,0.0,0.0,0.0,6.0,52043.57,312261.0,SS_STOCK SUCURSAL LA CHIMBA.xlsx
SS,STOCK SUCURSAL LA CHIMBA,127,HERRAMIENTAS,BC,BROCA,IBR70130SCMK,BROCA ANULAR 30 MM,UN,1.0,0.0,0.0,0.0,1.0,48404.79,48405.0,SS_STOCK SUCURSAL LA CHIMBA.xlsx
SS,STOCK SUCURSAL LA CHIMBA,127,HERRAMIENTAS,BC,BROCA,IBR70132SCMK,BROCA ANULAR 32 MM,UN,2.0,0.0,0.0,0.0,2.0,44742.81,89486.0,SS_STOCK SUCURSAL LA CHIMBA.xlsx
SS,STOCK SUCURSAL LA CHIMBA,127,HERRAMIENTAS,BC,BROCA,IBR70140SC00,BROCA ANULAR 40 MM,UN,4.0,0.0,0.0,0.0,4.0,71803.33,287213.0,SS_STOCK SUCURSAL LA CHIMBA.xlsx
SS,STOCK SUCURSAL LA CHIMBA,127,HERRAMIENTAS,BC,BROCA,IBR70150SCMK,BROCA ANULAR 50 MM,UN,3.0,0.0,0.0,0.0,3.0,88669.13,266007.0,SS_STOCK SUCURSAL LA CHIMBA.xlsx
SS,STOCK SUCURSAL LA CHIMBA,127,HERRAMIENTAS,BC,BROCA,IBR7071200MK,BROCA SDS PLUS 12 MM ,UN,4.0,0.0,0.0,0.0,4.0,2798.0,11192.0,SS_STOCK SUCURSAL LA CHIMBA.xlsx
SS,STOCK SUCURSAL LA CHIMBA,127,HERRAMIENTAS,BC,BROCA,IBR71004SS00,BROCA CILINDRICA COBALTO 04 MM,UN,15.0,0.0,0.0,0.0,15.0,1093.0,16395.0,SS_STOCK SUCURSAL LA CHIMBA.xlsx
SS,STOCK SUCURSAL LA CHIMBA,127,HERRAMIENTAS,BC,BROCA,IBR71005SS00,BROCA CILINDRICA COBALTO 05 MM,UN,15.0,0.0,0.0,0.0,15.0,1597.0,23955.0,SS_STOCK SUCURSAL LA CHIMBA.xlsx
SS,STOCK SUCURSAL LA CHIMBA,127,HERRAMIENTAS,BC,BROCA,IBR71006SS00,BROCA CILINDRICA COBALTO 06 MM,UN,11.0,0.0,0.0,0.0,11.0,1560.0,17160.0,SS_STOCK SUCURSAL LA CHIMBA.xlsx
SS,STOCK SUCURSAL LA CHIMBA,127,HERRAMIENTAS,BC,BROCA,IBR71012NN00,BROCA SDS CONCRETO 12MM (HORMIGON),UN,12.0,0.0,0.0,0.0,12.0,1147.0,13764.0,SS_STOCK SUCURSAL LA CHIMBA.xlsx
SS,STOCK SUCURSAL LA CHIMBA,127,HERRAMIENTAS,BC,BROCA,IBR71014SSDR,BROCA CILINDRICA COBALTO 14 MM,UN,13.0,0.0,0.0,0.0,13.0,16004.08,208053.0,SS_STOCK SUCURSAL LA CHIMBA.xlsx
SS,STOCK SUCURSAL LA CHIMBA,127,HERRAMIENTAS,BC,BROCA,IBR71019SC00,BROCA CILINDRICA HSS 19 MM,UN,2.0,0.0,0.0,0.0,2.0,16300.0,32600.0,SS_STOCK SUCURSAL LA CHIMBA.xlsx
SS,STOCK SUCURSAL LA CHIMBA,127,HERRAMIENTAS,BC,BROCA,IBR71516SCMK,BROCA PALETA MADERA 16 MM,UN,2.0,0.0,0.0,0.0,2.0,2723.0,5446.0,SS_STOCK SUCURSAL LA CHIMBA.xlsx
SS,STOCK SUCURSAL LA CHIMBA,127,HERRAMIENTAS,BC,BROCA,IBR71600NN00,BROCA FIERRO,UN,13.0,0.0,0.0,0.0,13.0,20900.0,271700.0,SS_STOCK SUCURSAL LA CHIMBA.xlsx
Total Sub Grupo : BC,,,,,,nan,,,170.0,0.0,0.0,0.0,170.0,,3476915.0,SS_STOCK SUCURSAL LA CHIMBA.xlsx
,,,,,,nan,,,,,,,,,,SS_STOCK SUCURSAL LA CHIMBA.xlsx
SS,STOCK SUCURSAL LA CHIMBA,127,HERRAMIENTAS,CT,CORTE,H700CT000004,CUCHILLO CARTONERO,UN,8.0,0.0,0.0,0.0,8.0,3561.0,28488.0,SS_STOCK SUCURSAL LA CHIMBA.xlsx
SS,STOCK SUCURSAL LA CHIMBA,127,HERRAMIENTAS,CT,CORTE,H700CTNN0003,TIJERA HOJALATERA,UN,2.0,0.0,0.0,0.0,2.0,7630.15,15260.0,SS_STOCK SUCURSAL LA CHIMBA.xlsx
Total Sub Grupo : CT,,,,,,nan,,,10.0,0.0,0.0,0.0,10.0,,43748.0,SS_STOCK SUCURSAL LA CHIMBA.xlsx
,,,,,,nan,,,,,,,,,,SS_STOCK SUCURSAL LA CHIMBA.xlsx
SS,STOCK SUCURSAL LA CHIMBA,127,HERRAMIENTAS,EL,ELECTRICO,H200EL000017,TALADRO INALAMBRICO,UN,1.0,0.0,0.0,0.0,1.0,71950.0,71950.0,SS_STOCK SUCURSAL LA CHIMBA.xlsx
SS,STOCK SUCURSAL LA CHIMBA,127,HERRAMIENTAS,EL,ELECTRICO,H200ELESCM00,ESCAREADOR NEUMATICO PARA LIMPIENZA DE SALPICADURA DE SOLD.,UN,1.0,0.0,0.0,0.0,1.0,131765.0,131765.0,SS_STOCK SUCURSAL LA CHIMBA.xlsx
Total Sub Grupo : EL,,,,,,nan,,,2.0,0.0,0.0,0.0,2.0,,203715.0,SS_STOCK SUCURSAL LA CHIMBA.xlsx
,,,,,,nan,,,,,,,,,,SS_STOCK SUCURSAL LA CHIMBA.xlsx
SS,STOCK SUCURSAL LA CHIMBA,127,HERRAMIENTAS,IN,INSTRUMENTOS DE MEDICION,H500IN000002,FLEXOMETRO 10 MT,UN,19.4,0.0,0.0,0.0,19.4,15833.29,307166.0,SS_STOCK SUCURSAL LA CHIMBA.xlsx
SS,STOCK SUCURSAL LA CHIMBA,127,HERRAMIENTAS,IN,INSTRUMENTOS DE MEDICION,H500IN000008,JUEGO TIZADOR,UN,3.0,0.0,0.0,0.0,3.0,6384.68,19154.0,SS_STOCK SUCURSAL LA CHIMBA.xlsx
SS,STOCK SUCURSAL LA CHIMBA,127,HERRAMIENTAS,IN,INSTRUMENTOS DE MEDICION,H500IN000010,NIVEL BURBUJA,UN,1.0,0.0,0.0,0.0,1.0,10355.0,10355.0,SS_STOCK SUCURSAL LA CHIMBA.xlsx
SS,STOCK SUCURSAL LA CHIMBA,127,HERRAMIENTAS,IN,INSTRUMENTOS DE MEDICION,H500IN000012,COMPAS MECANICO PUNTA RECTA 12,UN,8.0,0.0,0.0,0.0,8.0,10567.94,84544.0,SS_STOCK SUCURSAL LA CHIMBA.xlsx
SS,STOCK SUCURSAL LA CHIMBA,127,HERRAMIENTAS,IN,INSTRUMENTOS DE MEDICION,H500IN000016,ESCUADRA COMBINADA DE 12'',UN,7.0,0.0,0.0,0.0,7.0,15.29,107.0,SS_STOCK SUCURSAL LA CHIMBA.xlsx
SS,STOCK SUCURSAL LA CHIMBA,127,HERRAMIENTAS,IN,INSTRUMENTOS DE MEDICION,H500IN000028,FLEXOMETRO METALICO 30 MTS,UN,2.0,0.0,0.0,0.0,2.0,32712.68,65425.0,SS_STOCK SUCURSAL LA CHIMBA.xlsx
SS,STOCK SUCURSAL LA CHIMBA,127,HERRAMIENTAS,IN,INSTRUMENTOS DE MEDICION,H500IN000040,REGLA DE ACERO DE 40  / 1000MM,UN,4.0,0.0,0.0,0.0,4.0,6.55,26.0,SS_STOCK SUCURSAL LA CHIMBA.xlsx
SS,STOCK SUCURSAL LA CHIMBA,127,HERRAMIENTAS,IN,INSTRUMENTOS DE MEDICION,H500IN25MLNN,MEDIDOR LASER ( RONIX DISTANCIA)/DISTANCIOMETRO ,UN,1.0,0.0,0.0,0.0,1.0,21745.0,21745.0,SS_STOCK SUCURSAL LA CHIMBA.xlsx
SS,STOCK SUCURSAL LA CHIMBA,127,HERRAMIENTAS,IN,INSTRUMENTOS DE MEDICION,H500INMARC33,MARCADOR TERMOCONTRAIBLE 1 - 10AWG,UN,8.0,0.0,0.0,0.0,8.0,76339.0,610712.0,SS_STOCK SUCURSAL LA CHIMBA.xlsx
SS,STOCK SUCURSAL LA CHIMBA,127,HERRAMIENTAS,IN,INSTRUMENTOS DE MEDICION,H500INMITU04,PIE DE METRO MITUTOYO 8 Pul.,UN,5.0,0.0,0.0,0.0,5.0,68862.04,344310.0,SS_STOCK SUCURSAL LA CHIMBA.xlsx
SS,STOCK SUCURSAL LA CHIMBA,127,HERRAMIENTAS,IN,INSTRUMENTOS DE MEDICION,H500INPBG300,PESA BALANZA GANCHO 300 KG,UN,1.0,0.0,0.0,0.0,1.0,93051.0,93051.0,SS_STOCK SUCURSAL LA CHIMBA.xlsx
SS,STOCK SUCURSAL LA CHIMBA,127,HERRAMIENTAS,IN,INSTRUMENTOS DE MEDICION,H500PIME6000,PIE DE METRO 6¨,UN,1.0,0.0,0.0,0.0,1.0,61909.52,61910.0,SS_STOCK SUCURSAL LA CHIMBA.xlsx
Total Sub Grupo : IN,,,,,,nan,,,60.4,0.0,0.0,0.0,60.4,,1618505.0,SS_STOCK SUCURSAL LA CHIMBA.xlsx
,,,,,,nan,,,,,,,,,,SS_STOCK SUCURSAL LA CHIMBA.xlsx
SS,STOCK SUCURSAL LA CHIMBA,127,HERRAMIENTAS,KT,JUEGO/KIT/SET,H700KT000018,SET PERFORACION,KT,21.0,0.0,0.0,0.0,21.0,10000.0,210000.0,SS_STOCK SUCURSAL LA CHIMBA.xlsx
SS,STOCK SUCURSAL LA CHIMBA,127,HERRAMIENTAS,KT,JUEGO/KIT/SET,H700KT000026,KIT SOPLETE CALENTADOR OXIGENO/GAS,KT,1.0,0.0,0.0,0.0,1.0,172350.0,172350.0,SS_STOCK SUCURSAL LA CHIMBA.xlsx
SS,STOCK SUCURSAL LA CHIMBA,127,HERRAMIENTAS,KT,JUEGO/KIT/SET,H700KT000027,KIT SOPLETE CALENTADOR GAS,KT,1.0,0.0,0.0,0.0,1.0,2150.0,2150.0,SS_STOCK SUCURSAL LA CHIMBA.xlsx
SS,STOCK SUCURSAL LA CHIMBA,127,HERRAMIENTAS,KT,JUEGO/KIT/SET,H700KTALLEN0,JUEGO LLAVE ALLEN,KT,7.0,0.0,0.0,0.0,7.0,6303.0,44121.0,SS_STOCK SUCURSAL LA CHIMBA.xlsx
Total Sub Grupo : KT,,,,,,nan,,,30.0,0.0,0.0,0.0,30.0,,428621.0,SS_STOCK SUCURSAL LA CHIMBA.xlsx
,,,,,,nan,,,,,,,,,,SS_STOCK SUCURSAL LA CHIMBA.xlsx
SS,STOCK SUCURSAL LA CHIMBA,127,HERRAMIENTAS,LC,ALICATE,H700LCAC0001,ALICATE CAIMAN TIPO C,UN,5.0,0.0,0.0,0.0,5.0,12422.32,62112.0,SS_STOCK SUCURSAL LA CHIMBA.xlsx
Total Sub Grupo : LC,,,,,,nan,,,5.0,0.0,0.0,0.0,5.0,,62112.0,SS_STOCK SUCURSAL LA CHIMBA.xlsx
,,,,,,nan,,,,,,,,,,SS_STOCK SUCURSAL LA CHIMBA.xlsx
SS,STOCK SUCURSAL LA CHIMBA,127,HERRAMIENTAS,MN,HERRAMIENTA MANUAL,H700MN000016,CHISPERO DE COPA,UN,1.0,0.0,0.0,0.0,1.0,1764.46,1764.0,SS_STOCK SUCURSAL LA CHIMBA.xlsx
SS,STOCK SUCURSAL LA CHIMBA,127,HERRAMIENTAS,MN,HERRAMIENTA MANUAL,H700MN000045,DADO 2¨¨,UN,1.0,0.0,0.0,0.0,1.0,1650.0,1650.0,SS_STOCK SUCURSAL LA CHIMBA.xlsx
SS,STOCK SUCURSAL LA CHIMBA,127,HERRAMIENTAS,MN,HERRAMIENTA MANUAL,H700MN000051,DADO 25 MM,UN,4.0,0.0,0.0,0.0,4.0,11990.0,47960.0,SS_STOCK SUCURSAL LA CHIMBA.xlsx
SS,STOCK SUCURSAL LA CHIMBA,127,HERRAMIENTAS,MN,HERRAMIENTA MANUAL,H700MN000057,DADO 10MM,UN,2.0,0.0,0.0,0.0,2.0,2605.0,5210.0,SS_STOCK SUCURSAL LA CHIMBA.xlsx
SS,STOCK SUCURSAL LA CHIMBA,127,HERRAMIENTAS,MN,HERRAMIENTA MANUAL,H700MNNNNN01,DADO MAGNETICO,UN,4.0,0.0,0.0,0.0,4.0,1824.0,7296.0,SS_STOCK SUCURSAL LA CHIMBA.xlsx
SS,STOCK SUCURSAL LA CHIMBA,127,HERRAMIENTAS,MN,HERRAMIENTA MANUAL,H700MNPHIL05,ATONILLADOR PUNTA PHILLIPS CROSSMANN Nº2,UN,17.0,0.0,0.0,0.0,17.0,605.0,10285.0,SS_STOCK SUCURSAL LA CHIMBA.xlsx
Total Sub Grupo : MN,,,,,,nan,,,29.0,0.0,0.0,0.0,29.0,,74165.0,SS_STOCK SUCURSAL LA CHIMBA.xlsx
,,,,,,nan,,,,,,,,,,SS_STOCK SUCURSAL LA CHIMBA.xlsx
SS,STOCK SUCURSAL LA CHIMBA,127,HERRAMIENTAS,MP,IMPACTO,H700MP000002,MARTILLO CARPINTERO,UN,4.0,0.0,0.0,0.0,4.0,31.8,127.0,SS_STOCK SUCURSAL LA CHIMBA.xlsx
SS,STOCK SUCURSAL LA CHIMBA,127,HERRAMIENTAS,MP,IMPACTO,H700MP000015,TENSOR ZUNCHO METALICO 1/2,UN,5.0,0.0,0.0,0.0,5.0,22974.8,114874.0,SS_STOCK SUCURSAL LA CHIMBA.xlsx
SS,STOCK SUCURSAL LA CHIMBA,127,HERRAMIENTAS,MP,IMPACTO,H700MP000016,COMBO,UN,1.0,0.0,0.0,0.0,1.0,292.14,292.0,SS_STOCK SUCURSAL LA CHIMBA.xlsx
SS,STOCK SUCURSAL LA CHIMBA,127,HERRAMIENTAS,MP,IMPACTO,H700MPLIOI08,CHUZO,UN,1.0,0.0,0.0,0.0,1.0,9135.0,9135.0,SS_STOCK SUCURSAL LA CHIMBA.xlsx
SS,STOCK SUCURSAL LA CHIMBA,127,HERRAMIENTAS,MP,IMPACTO,H700MPNN0001,CINCEL,UN,13.0,0.0,0.0,0.0,13.0,51.32,667.0,SS_STOCK SUCURSAL LA CHIMBA.xlsx
SS,STOCK SUCURSAL LA CHIMBA,127,HERRAMIENTAS,MP,IMPACTO,H700MPTACT10,MARTILLO GOMA MANGO F/VIDRIO 45 MM,UN,7.0,0.0,0.0,0.0,7.0,8086.0,56602.0,SS_STOCK SUCURSAL LA CHIMBA.xlsx
Total Sub Grupo : MP,,,,,,nan,,,31.0,0.0,0.0,0.0,31.0,,181697.0,SS_STOCK SUCURSAL LA CHIMBA.xlsx
,,,,,,nan,,,,,,,,,,SS_STOCK SUCURSAL LA CHIMBA.xlsx
SS,STOCK SUCURSAL LA CHIMBA,127,HERRAMIENTAS,MQ,MAQUINARIA,H400MANGUPQS,MANGUERA PQS,MT,45.0,0.0,0.0,0.0,45.0,2890.0,130050.0,SS_STOCK SUCURSAL LA CHIMBA.xlsx
SS,STOCK SUCURSAL LA CHIMBA,127,HERRAMIENTAS,MQ,MAQUINARIA,H400MQ000007,PUENTE GRUA 10 TONELADAS,UN,4.0,0.0,0.0,0.0,4.0,8847574.0,35390296.0,SS_STOCK SUCURSAL LA CHIMBA.xlsx
SS,STOCK SUCURSAL LA CHIMBA,127,HERRAMIENTAS,MQ,MAQUINARIA,H400MQ000022,PISTOLA MIG,UN,2.0,0.0,0.0,0.0,2.0,124931.32,249863.0,SS_STOCK SUCURSAL LA CHIMBA.xlsx
SS,STOCK SUCURSAL LA CHIMBA,127,HERRAMIENTAS,MQ,MAQUINARIA,H400MQ000037,BOMBA HIDRAULICA HY230 CN ENFRIADOR HY230*HYTORC,UN,1.0,0.0,0.0,0.0,1.0,3561530.0,3561530.0,SS_STOCK SUCURSAL LA CHIMBA.xlsx
SS,STOCK SUCURSAL LA CHIMBA,127,HERRAMIENTAS,MQ,MAQUINARIA,H400MQHYTO40,LLAVE TORQUE HYTORC CUADRANTE 1´´,UN,1.0,0.0,0.0,0.0,1.0,3341900.0,3341900.0,SS_STOCK SUCURSAL LA CHIMBA.xlsx
SS,STOCK SUCURSAL LA CHIMBA,127,HERRAMIENTAS,MQ,MAQUINARIA,H400MQSKIL33,SIERRA CIRCULAR 7 1/4,UN,3.0,0.0,0.0,0.0,3.0,147540.0,442620.0,SS_STOCK SUCURSAL LA CHIMBA.xlsx
Total Sub Grupo : MQ,,,,,,nan,,,56.0,0.0,0.0,0.0,56.0,,43116259.0,SS_STOCK SUCURSAL LA CHIMBA.xlsx
,,,,,,nan,,,,,,,,,,SS_STOCK SUCURSAL LA CHIMBA.xlsx
SS,STOCK SUCURSAL LA CHIMBA,127,HERRAMIENTAS,OT,OTROS,H700OTAIMT07,TENSOR TUBULAR ACERO INOXIDABLE 316L 3/4in,UN,21.0,0.0,0.0,0.0,21.0,13590.0,285390.0,SS_STOCK SUCURSAL LA CHIMBA.xlsx
SS,STOCK SUCURSAL LA CHIMBA,127,HERRAMIENTAS,OT,OTROS,H8000TYRK00,ESPATULA YORK 100MM,UN,10.0,0.0,0.0,0.0,10.0,1190.0,11900.0,SS_STOCK SUCURSAL LA CHIMBA.xlsx
SS,STOCK SUCURSAL LA CHIMBA,127,HERRAMIENTAS,OT,OTROS,H800NIALUM24,NIVEL ALUMINIO 24¨,UN,4.0,0.0,0.0,0.0,4.0,9349.61,37398.0,SS_STOCK SUCURSAL LA CHIMBA.xlsx
SS,STOCK SUCURSAL LA CHIMBA,127,HERRAMIENTAS,OT,OTROS,H800NIALUM48,NIVEL ALUMINIO 48¨,UN,3.0,0.0,0.0,0.0,3.0,14903.13,44709.0,SS_STOCK SUCURSAL LA CHIMBA.xlsx
SS,STOCK SUCURSAL LA CHIMBA,127,HERRAMIENTAS,OT,OTROS,H800OT000007,LINTERNA MANUAL,UN,3.0,0.0,0.0,0.0,3.0,11719.0,35157.0,SS_STOCK SUCURSAL LA CHIMBA.xlsx
SS,STOCK SUCURSAL LA CHIMBA,127,HERRAMIENTAS,OT,OTROS,H800OT000012,CINTA AISLADORA NEGRA,UN,6.0,0.0,0.0,0.0,6.0,939.95,5640.0,SS_STOCK SUCURSAL LA CHIMBA.xlsx
SS,STOCK SUCURSAL LA CHIMBA,127,HERRAMIENTAS,OT,OTROS,H800OT000107,LIMA PLANA,UN,2.0,0.0,0.0,0.0,2.0,4346.65,8693.0,SS_STOCK SUCURSAL LA CHIMBA.xlsx
SS,STOCK SUCURSAL LA CHIMBA,127,HERRAMIENTAS,OT,OTROS,H800OT000108,LIMA REDONDA,UN,1.0,0.0,0.0,0.0,1.0,2577.39,2577.0,SS_STOCK SUCURSAL LA CHIMBA.xlsx
SS,STOCK SUCURSAL LA CHIMBA,127,HERRAMIENTAS,OT,OTROS,H800OTLIJA83,LIJA AGUA,UN,6.0,0.0,0.0,0.0,6.0,500.0,3000.0,SS_STOCK SUCURSAL LA CHIMBA.xlsx
SS,STOCK SUCURSAL LA CHIMBA,127,HERRAMIENTAS,OT,OTROS,H800OTMANG56,MANGO PARA ESCOBILLONES,UN,10.0,0.0,0.0,0.0,10.0,24355.0,243550.0,SS_STOCK SUCURSAL LA CHIMBA.xlsx
SS,STOCK SUCURSAL LA CHIMBA,127,HERRAMIENTAS,OT,OTROS,H800OTSNR031,"CHUMACERA UCF 208, SNR",UN,7.0,0.0,0.0,0.0,7.0,15975.0,111825.0,SS_STOCK SUCURSAL LA CHIMBA.xlsx
SS,STOCK SUCURSAL LA CHIMBA,127,HERRAMIENTAS,OT,OTROS,H800OTSTAN46,STANLEY PRENSA CARPINTERA 6 PULGADAS,UN,2.0,0.0,0.0,0.0,2.0,19.84,40.0,SS_STOCK SUCURSAL LA CHIMBA.xlsx
SS,STOCK SUCURSAL LA CHIMBA,127,HERRAMIENTAS,OT,OTROS,H800OTSTAN47,STANLEY PRENSA CARPINTERA 8 PULGADAS,UN,10.0,0.0,0.0,0.0,10.0,28.16,282.0,SS_STOCK SUCURSAL LA CHIMBA.xlsx
SS,STOCK SUCURSAL LA CHIMBA,127,HERRAMIENTAS,OT,OTROS,H800OTSTAN50,PRENSA CARPINTERA 10 PULGADAS,UN,2.0,0.0,0.0,0.0,2.0,6.0,12.0,SS_STOCK SUCURSAL LA CHIMBA.xlsx
SS,STOCK SUCURSAL LA CHIMBA,127,HERRAMIENTAS,OT,OTROS,H800OTYORK44,ESPATULA YORK 140MM,UN,20.0,0.0,0.0,0.0,20.0,3571.0,71420.0,SS_STOCK SUCURSAL LA CHIMBA.xlsx
Total Sub Grupo : OT,,,,,,nan,,,107.0,0.0,0.0,0.0,107.0,,861593.0,SS_STOCK SUCURSAL LA CHIMBA.xlsx
,,,,,,nan,,,,,,,,,,SS_STOCK SUCURSAL LA CHIMBA.xlsx
SS,STOCK SUCURSAL LA CHIMBA,127,HERRAMIENTAS,RM,REPUESTOS MAQUINARIA,H300RM000006,LINER MIG 1.2 - 1.6,UN,6.0,0.0,0.0,0.0,6.0,9144.33,54866.0,SS_STOCK SUCURSAL LA CHIMBA.xlsx
SS,STOCK SUCURSAL LA CHIMBA,127,HERRAMIENTAS,RM,REPUESTOS MAQUINARIA,H300RM000043,VALVULA ANTIRRETROCESO REGULADOR GAS,UN,2.0,0.0,0.0,0.0,2.0,9545.0,19090.0,SS_STOCK SUCURSAL LA CHIMBA.xlsx
SS,STOCK SUCURSAL LA CHIMBA,127,HERRAMIENTAS,RM,REPUESTOS MAQUINARIA,H300RM000044,VALVULA ANTIRRETROCESO REGULADOR OXIGENO,UN,2.0,0.0,0.0,0.0,2.0,9545.0,19090.0,SS_STOCK SUCURSAL LA CHIMBA.xlsx
SS,STOCK SUCURSAL LA CHIMBA,127,HERRAMIENTAS,RM,REPUESTOS MAQUINARIA,H300RM000045,VALVULA ANTIRRETROCESO SOPLETE GAS,UN,1.0,0.0,0.0,0.0,1.0,9545.0,9545.0,SS_STOCK SUCURSAL LA CHIMBA.xlsx
SS,STOCK SUCURSAL LA CHIMBA,127,HERRAMIENTAS,RM,REPUESTOS MAQUINARIA,H300RMELEC33,PORTA ELECTRODO 300 AMP,UN,6.0,0.0,0.0,0.0,6.0,19900.0,119400.0,SS_STOCK SUCURSAL LA CHIMBA.xlsx
SS,STOCK SUCURSAL LA CHIMBA,127,HERRAMIENTAS,RM,REPUESTOS MAQUINARIA,H300RMINTDIF,INTERRUPTOR DIFERENCIAL 25A AC 30MA,UN,4.0,0.0,0.0,0.0,4.0,19319.3,77277.0,SS_STOCK SUCURSAL LA CHIMBA.xlsx
Total Sub Grupo : RM,,,,,,nan,,,21.0,0.0,0.0,0.0,21.0,,299268.0,SS_STOCK SUCURSAL LA CHIMBA.xlsx
,,,,,,nan,,,,,,,,,,SS_STOCK SUCURSAL LA CHIMBA.xlsx
Total Grupo : 127,,,,,,nan,,,554.4,0.0,0.0,0.0,554.4,,51425806.0,SS_STOCK SUCURSAL LA CHIMBA.xlsx
,,,,,,nan,,,,,,,,,,SS_STOCK SUCURSAL LA CHIMBA.xlsx
SS,STOCK SUCURSAL LA CHIMBA,128,CONSTRUCCION,042,MATERIALES DE CONSTRUCCION,IOT188120140,YESO CARTON 15MM 1.20 X 2.40 BR,UN,394.0,0.0,0.0,0.0,394.0,7639.0,3009766.0,SS_STOCK SUCURSAL LA CHIMBA.xlsx
Total Sub Grupo : 042,,,,,,nan,,,394.0,0.0,0.0,0.0,394.0,,3009766.0,SS_STOCK SUCURSAL LA CHIMBA.xlsx
,,,,,,nan,,,,,,,,,,SS_STOCK SUCURSAL LA CHIMBA.xlsx
Total Grupo : 128,,,,,,nan,,,394.0,0.0,0.0,0.0,394.0,,3009766.0,SS_STOCK SUCURSAL LA CHIMBA.xlsx
,,,,,,nan,,,,,,,,,,SS_STOCK SUCURSAL LA CHIMBA.xlsx
SS,STOCK SUCURSAL LA CHIMBA,135,CABLES EN GENERAL,EL,ELECTRICO,IEL020383205,ENCHUFE MACHO VOLANTE IND. 380 V  32A 3P+T+N,UN,7.0,0.0,0.0,0.0,7.0,5496.0,38472.0,SS_STOCK SUCURSAL LA CHIMBA.xlsx
SS,STOCK SUCURSAL LA CHIMBA,135,CABLES EN GENERAL,EL,ELECTRICO,IEL040383205,ENCHUFE HEMBRA IND. S/P 380 V  32A 3P+T+N,UN,26.0,0.0,0.0,0.0,26.0,1588.0,41288.0,SS_STOCK SUCURSAL LA CHIMBA.xlsx
Total Sub Grupo : EL,,,,,,nan,,,33.0,0.0,0.0,0.0,33.0,,79760.0,SS_STOCK SUCURSAL LA CHIMBA.xlsx
,,,,,,nan,,,,,,,,,,SS_STOCK SUCURSAL LA CHIMBA.xlsx
Total Grupo : 135,,,,,,nan,,,33.0,0.0,0.0,0.0,33.0,,79760.0,SS_STOCK SUCURSAL LA CHIMBA.xlsx
,,,,,,nan,,,,,,,,,,SS_STOCK SUCURSAL LA CHIMBA.xlsx
SS,STOCK SUCURSAL LA CHIMBA,137,COMPUTACION,AO,ARTICULOS DE OFICINA,IAO0102MPAIN,PLUMON PAINT OLEO MEDIO 2MM AMARILLO,UN,8.0,0.0,0.0,0.0,8.0,1840.21,14722.0,SS_STOCK SUCURSAL LA CHIMBA.xlsx
SS,STOCK SUCURSAL LA CHIMBA,137,COMPUTACION,AO,ARTICULOS DE OFICINA,IAO010AZPLBL,PLUMON DE PIZARRA AZUL,UN,18.0,0.0,0.0,0.0,18.0,664.0,11952.0,SS_STOCK SUCURSAL LA CHIMBA.xlsx
SS,STOCK SUCURSAL LA CHIMBA,137,COMPUTACION,AO,ARTICULOS DE OFICINA,IAO020LOROLA,LOMO ARCHIVADOR ANCHO ROJO - LAVORO,UN,18.0,0.0,0.0,0.0,18.0,485.0,8730.0,SS_STOCK SUCURSAL LA CHIMBA.xlsx
SS,STOCK SUCURSAL LA CHIMBA,137,COMPUTACION,AO,ARTICULOS DE OFICINA,IAO050TNKITC,KIT TONER BROTHER ALTERNATIVO - MAGENTA-CYAN-YELLOW,UN,2.0,0.0,0.0,0.0,2.0,175000.0,350000.0,SS_STOCK SUCURSAL LA CHIMBA.xlsx
SS,STOCK SUCURSAL LA CHIMBA,137,COMPUTACION,AO,ARTICULOS DE OFICINA,IAO07048NN3M,CINTA ENMASCARAR,UN,8.0,0.0,0.0,0.0,8.0,1370.0,10960.0,SS_STOCK SUCURSAL LA CHIMBA.xlsx
SS,STOCK SUCURSAL LA CHIMBA,137,COMPUTACION,AO,ARTICULOS DE OFICINA,IAO0HPT25003,CARTUCHOS TINTA HP-250  MG,UN,12.0,0.0,0.0,0.0,12.0,32222.0,386664.0,SS_STOCK SUCURSAL LA CHIMBA.xlsx
SS,STOCK SUCURSAL LA CHIMBA,137,COMPUTACION,AO,ARTICULOS DE OFICINA,IAO103ANOCAP,ANOTADOR C. APRETADOR METAL/MADERA OF ACRIMET,UN,7.0,0.0,0.0,0.0,7.0,1350.0,9450.0,SS_STOCK SUCURSAL LA CHIMBA.xlsx
SS,STOCK SUCURSAL LA CHIMBA,137,COMPUTACION,AO,ARTICULOS DE OFICINA,IAO105AADURA,PILA DURACELL AA,UN,4.0,0.0,0.0,0.0,4.0,730.71,2923.0,SS_STOCK SUCURSAL LA CHIMBA.xlsx
SS,STOCK SUCURSAL LA CHIMBA,137,COMPUTACION,AO,ARTICULOS DE OFICINA,IAO110TIJHAN,TIJERA HAND,UN,2.0,0.0,0.0,0.0,2.0,749.0,1498.0,SS_STOCK SUCURSAL LA CHIMBA.xlsx
SS,STOCK SUCURSAL LA CHIMBA,137,COMPUTACION,AO,ARTICULOS DE OFICINA,IAO32000AA00,PILA DOBLE AA,UN,1.0,0.0,0.0,0.0,1.0,882.3,882.0,SS_STOCK SUCURSAL LA CHIMBA.xlsx
SS,STOCK SUCURSAL LA CHIMBA,137,COMPUTACION,AO,ARTICULOS DE OFICINA,IAO3200AAA00,PILA TRIPLE AAA,UN,4.0,0.0,0.0,0.0,4.0,871.88,3488.0,SS_STOCK SUCURSAL LA CHIMBA.xlsx
SS,STOCK SUCURSAL LA CHIMBA,137,COMPUTACION,AO,ARTICULOS DE OFICINA,IAO370CART02,RESMA DE PAPEL CARTA BLANCO,UN,10.0,0.0,0.0,0.0,10.0,3740.12,37401.0,SS_STOCK SUCURSAL LA CHIMBA.xlsx
SS,STOCK SUCURSAL LA CHIMBA,137,COMPUTACION,AO,ARTICULOS DE OFICINA,IAO400CART00,SEPARADOR TAMAÑO CARTA,UN,2500.0,0.0,0.0,0.0,2500.0,705.0,1762500.0,SS_STOCK SUCURSAL LA CHIMBA.xlsx
Total Sub Grupo : AO,,,,,,nan,,,2594.0,0.0,0.0,0.0,2594.0,,2601170.0,SS_STOCK SUCURSAL LA CHIMBA.xlsx
,,,,,,nan,,,,,,,,,,SS_STOCK SUCURSAL LA CHIMBA.xlsx
SS,STOCK SUCURSAL LA CHIMBA,137,COMPUTACION,CP,COMPUTACION,ICP16600NN00,CONECTOR ANTENA,UN,50.0,0.0,0.0,0.0,50.0,3200.0,160000.0,SS_STOCK SUCURSAL LA CHIMBA.xlsx
Total Sub Grupo : CP,,,,,,nan,,,50.0,0.0,0.0,0.0,50.0,,160000.0,SS_STOCK SUCURSAL LA CHIMBA.xlsx
,,,,,,nan,,,,,,,,,,SS_STOCK SUCURSAL LA CHIMBA.xlsx
Total Grupo : 137,,,,,,nan,,,2644.0,0.0,0.0,0.0,2644.0,,2761170.0,SS_STOCK SUCURSAL LA CHIMBA.xlsx
,,,,,,nan,,,,,,,,,,SS_STOCK SUCURSAL LA CHIMBA.xlsx
SS,STOCK SUCURSAL LA CHIMBA,138,CORTES,AB,ABRASIVOS,IAB11007SS00,DISCO DE CORTE FINO  07in   ESPESOR 1.6 MM,UN,953.0,0.0,0.0,0.0,953.0,869.59,828719.0,SS_STOCK SUCURSAL LA CHIMBA.xlsx
SS,STOCK SUCURSAL LA CHIMBA,138,CORTES,AB,ABRASIVOS,IAB11009MT00,DISCO DE CORTE FINO  09in   ESPESOR 3 MM,UN,50.0,0.0,0.0,0.0,50.0,1344.0,67200.0,SS_STOCK SUCURSAL LA CHIMBA.xlsx
SS,STOCK SUCURSAL LA CHIMBA,138,CORTES,AB,ABRASIVOS,IAB1104MSS00,DISCO CORTE FINO  04 1/2in  ESPESOR 01 MM,UN,1072.0,0.0,0.0,0.0,1072.0,247.05,264840.0,SS_STOCK SUCURSAL LA CHIMBA.xlsx
SS,STOCK SUCURSAL LA CHIMBA,138,CORTES,AB,ABRASIVOS,IAB12014SS00,DISCO CORTE NORMAL  14 in    ESPESOR 3mm,UN,14.0,0.0,0.0,0.0,14.0,4066.65,56933.0,SS_STOCK SUCURSAL LA CHIMBA.xlsx
SS,STOCK SUCURSAL LA CHIMBA,138,CORTES,AB,ABRASIVOS,IAB1204MSS00,"DISCO CORTE NORMAL  04 1/2in    ESPESOR 2,5 MM",UN,250.0,0.0,0.0,0.0,250.0,553.06,138264.0,SS_STOCK SUCURSAL LA CHIMBA.xlsx
SS,STOCK SUCURSAL LA CHIMBA,138,CORTES,AB,ABRASIVOS,IAB13007SS00,DISCO DESBASTE 07in,UN,363.0,0.0,0.0,0.0,363.0,1605.83,582914.0,SS_STOCK SUCURSAL LA CHIMBA.xlsx
SS,STOCK SUCURSAL LA CHIMBA,138,CORTES,AB,ABRASIVOS,IAB1304MSS00,DISCO DESBASTE 04 1/2in,UN,160.0,0.0,0.0,0.0,160.0,839.04,134247.0,SS_STOCK SUCURSAL LA CHIMBA.xlsx
SS,STOCK SUCURSAL LA CHIMBA,138,CORTES,AB,ABRASIVOS,IAB1404MHIHL,GRATA HISOPO  INOXIDABLE 26 MM,UN,5.0,0.0,0.0,0.0,5.0,2980.62,14903.0,SS_STOCK SUCURSAL LA CHIMBA.xlsx
SS,STOCK SUCURSAL LA CHIMBA,138,CORTES,AB,ABRASIVOS,IAB1404MSSFA,GRATA PLANA TRENZADA  ACERO INOXIDABLE 4 1/2,UN,10.0,0.0,0.0,0.0,10.0,5400.0,54000.0,SS_STOCK SUCURSAL LA CHIMBA.xlsx
SS,STOCK SUCURSAL LA CHIMBA,138,CORTES,AB,ABRASIVOS,IAB1604MSS00,DISCO ZIRCONIO 4 1/2 in G40,UN,183.0,0.0,0.0,0.0,183.0,1176.0,215208.0,SS_STOCK SUCURSAL LA CHIMBA.xlsx
SS,STOCK SUCURSAL LA CHIMBA,138,CORTES,AB,ABRASIVOS,IAB18007SS00,DISCO ZIRCONIO 7 in G80,UN,174.0,0.0,0.0,0.0,174.0,2599.76,452358.0,SS_STOCK SUCURSAL LA CHIMBA.xlsx
SS,STOCK SUCURSAL LA CHIMBA,138,CORTES,AB,ABRASIVOS,IAB23208NN00,PIEDRA ESMERIL DE BANCO 8 PLG,UN,7.0,0.0,0.0,0.0,7.0,8638.5,60470.0,SS_STOCK SUCURSAL LA CHIMBA.xlsx
SS,STOCK SUCURSAL LA CHIMBA,138,CORTES,AB,ABRASIVOS,IAB23310AL00,DISCO DE SIERRA 10 IN ALUMINIO,UN,4.0,0.0,0.0,0.0,4.0,9830.0,39320.0,SS_STOCK SUCURSAL LA CHIMBA.xlsx
SS,STOCK SUCURSAL LA CHIMBA,138,CORTES,AB,ABRASIVOS,IABDIAM00412,DISCO DIAMANTADO 4.1/2 CONTINUO,UN,17.0,0.0,0.0,0.0,17.0,3790.0,64430.0,SS_STOCK SUCURSAL LA CHIMBA.xlsx
SS,STOCK SUCURSAL LA CHIMBA,138,CORTES,AB,ABRASIVOS,IBQ1394MSC00,GRATA PLANA ONDULADA CON VASTAGO ACERO CARBONO 4 1/2 in,UN,181.0,0.0,0.0,0.0,181.0,2600.0,470600.0,SS_STOCK SUCURSAL LA CHIMBA.xlsx
Total Sub Grupo : AB,,,,,,nan,,,3443.0,0.0,0.0,0.0,3443.0,,3444406.0,SS_STOCK SUCURSAL LA CHIMBA.xlsx
,,,,,,nan,,,,,,,,,,SS_STOCK SUCURSAL LA CHIMBA.xlsx
SS,STOCK SUCURSAL LA CHIMBA,138,CORTES,DISCODESBA,DISCOS DE DESBASTE,IOT231FIBO00,DISCO DE FIBRA FS966 180X22 G.36 (BUBITRON),UN,200.0,0.0,0.0,0.0,200.0,2340.0,468000.0,SS_STOCK SUCURSAL LA CHIMBA.xlsx
Total Sub Grupo : DISCODESBA,,,,,,nan,,,200.0,0.0,0.0,0.0,200.0,,468000.0,SS_STOCK SUCURSAL LA CHIMBA.xlsx
,,,,,,nan,,,,,,,,,,SS_STOCK SUCURSAL LA CHIMBA.xlsx
Total Grupo : 138,,,,,,nan,,,3643.0,0.0,0.0,0.0,3643.0,,3912406.0,SS_STOCK SUCURSAL LA CHIMBA.xlsx
,,,,,,nan,,,,,,,,,,SS_STOCK SUCURSAL LA CHIMBA.xlsx
SS,STOCK SUCURSAL LA CHIMBA,140,LIBRERIA,AO,ARTICULOS DE OFICINA,IAO370OBAN02,BANDEJA PORTADOCUMENTO 3 NIVELESO,UN,1.0,0.0,0.0,0.0,1.0,6002.0,6002.0,SS_STOCK SUCURSAL LA CHIMBA.xlsx
SS,STOCK SUCURSAL LA CHIMBA,140,LIBRERIA,AO,ARTICULOS DE OFICINA,IAO370OGUN02,GUILLOTINA 8X8GS,UN,1.0,0.0,0.0,0.0,1.0,45000.0,45000.0,SS_STOCK SUCURSAL LA CHIMBA.xlsx
Total Sub Grupo : AO,,,,,,nan,,,2.0,0.0,0.0,0.0,2.0,,51002.0,SS_STOCK SUCURSAL LA CHIMBA.xlsx
,,,,,,nan,,,,,,,,,,SS_STOCK SUCURSAL LA CHIMBA.xlsx
Total Grupo : 140,,,,,,nan,,,2.0,0.0,0.0,0.0,2.0,,51002.0,SS_STOCK SUCURSAL LA CHIMBA.xlsx
,,,,,,nan,,,,,,,,,,SS_STOCK SUCURSAL LA CHIMBA.xlsx
SS,STOCK SUCURSAL LA CHIMBA,144,SEGURIDAD,CA,CASCO,E100CA000001,CASCO DE SEGURIDAD,UN,6.0,0.0,0.0,0.0,6.0,4643.18,27859.0,SS_STOCK SUCURSAL LA CHIMBA.xlsx
Total Sub Grupo : CA,,,,,,nan,,,6.0,0.0,0.0,0.0,6.0,,27859.0,SS_STOCK SUCURSAL LA CHIMBA.xlsx
,,,,,,nan,,,,,,,,,,SS_STOCK SUCURSAL LA CHIMBA.xlsx
SS,STOCK SUCURSAL LA CHIMBA,144,SEGURIDAD,CM,CAMISA,E400CM000006,CAMISA MEZCLILLA VARON,UN,90.0,0.0,0.0,0.0,90.0,14069.96,1266296.0,SS_STOCK SUCURSAL LA CHIMBA.xlsx
Total Sub Grupo : CM,,,,,,nan,,,90.0,0.0,0.0,0.0,90.0,,1266296.0,SS_STOCK SUCURSAL LA CHIMBA.xlsx
,,,,,,nan,,,,,,,,,,SS_STOCK SUCURSAL LA CHIMBA.xlsx
SS,STOCK SUCURSAL LA CHIMBA,144,SEGURIDAD,GU,GUANTES,E200GUPROM10,GUANTE SOLDADOR ROJO,,19.0,0.0,0.0,0.0,19.0,1890.0,35910.0,SS_STOCK SUCURSAL LA CHIMBA.xlsx
SS,STOCK SUCURSAL LA CHIMBA,144,SEGURIDAD,GU,GUANTES,E200GUSOLAZU,GUANTES SOLDADOR,PR,15.0,0.0,0.0,0.0,15.0,3314.62,49719.0,SS_STOCK SUCURSAL LA CHIMBA.xlsx
Total Sub Grupo : GU,,,,,,nan,,,34.0,0.0,0.0,0.0,34.0,,85629.0,SS_STOCK SUCURSAL LA CHIMBA.xlsx
,,,,,,nan,,,,,,,,,,SS_STOCK SUCURSAL LA CHIMBA.xlsx
SS,STOCK SUCURSAL LA CHIMBA,144,SEGURIDAD,OT,OTROS,E500OTRODI19,RODILLERA,UN,5.0,0.0,0.0,0.0,5.0,4200.0,21000.0,SS_STOCK SUCURSAL LA CHIMBA.xlsx
Total Sub Grupo : OT,,,,,,nan,,,5.0,0.0,0.0,0.0,5.0,,21000.0,SS_STOCK SUCURSAL LA CHIMBA.xlsx
,,,,,,nan,,,,,,,,,,SS_STOCK SUCURSAL LA CHIMBA.xlsx
Total Grupo : 144,,,,,,nan,,,135.0,0.0,0.0,0.0,135.0,,1400785.0,SS_STOCK SUCURSAL LA CHIMBA.xlsx
,,,,,,nan,,,,,,,,,,SS_STOCK SUCURSAL LA CHIMBA.xlsx
SS,STOCK SUCURSAL LA CHIMBA,A,AC. INOXIDABLES,GO,GOLILLA,A316LGO0MY00,GOLILLA PRESION 316L 1/2in,UN,55.0,0.0,0.0,0.0,55.0,32.0,1760.0,SS_STOCK SUCURSAL LA CHIMBA.xlsx
Total Sub Grupo : GO,,,,,,nan,,,55.0,0.0,0.0,0.0,55.0,,1760.0,SS_STOCK SUCURSAL LA CHIMBA.xlsx
,,,,,,nan,,,,,,,,,,SS_STOCK SUCURSAL LA CHIMBA.xlsx
Total Grupo : A,,,,,,nan,,,55.0,0.0,0.0,0.0,55.0,,1760.0,SS_STOCK SUCURSAL LA CHIMBA.xlsx
,,,,,,nan,,,,,,,,,,SS_STOCK SUCURSAL LA CHIMBA.xlsx
SS,STOCK SUCURSAL LA CHIMBA,B,ALE NO FERRICOS,CE,CERAMICA,BCEALCE55S00,"PLACA CERAMICA S 11,55xT13mm",UN,418.0,0.0,0.0,0.0,418.0,0.0,0.0,SS_STOCK SUCURSAL LA CHIMBA.xlsx
SS,STOCK SUCURSAL LA CHIMBA,B,ALE NO FERRICOS,CE,CERAMICA,BCEALMM25150,CERAMICA  ALTALUMINA 150X25X25 MM,UN,480.0,0.0,0.0,0.0,480.0,0.0,0.0,SS_STOCK SUCURSAL LA CHIMBA.xlsx
SS,STOCK SUCURSAL LA CHIMBA,B,ALE NO FERRICOS,CE,CERAMICA,BCEALMM35353,CERAMICA  ALTALUMINA 35X35X35 MM,UN,6480.0,0.0,0.0,0.0,6480.0,0.0,0.0,SS_STOCK SUCURSAL LA CHIMBA.xlsx
SS,STOCK SUCURSAL LA CHIMBA,B,ALE NO FERRICOS,CE,CERAMICA,BCEALUMM0621,PLACA CERAMICA 150X50X25mm 92% AL2O3,UN,1792.0,0.0,0.0,0.0,1792.0,0.0,0.0,SS_STOCK SUCURSAL LA CHIMBA.xlsx
Total Sub Grupo : CE,,,,,,nan,,,9170.0,0.0,0.0,0.0,9170.0,,0.0,SS_STOCK SUCURSAL LA CHIMBA.xlsx
,,,,,,nan,,,,,,,,,,SS_STOCK SUCURSAL LA CHIMBA.xlsx
SS,STOCK SUCURSAL LA CHIMBA,B,ALE NO FERRICOS,GM,GOMA,BCACHCN03NN0,CAUCHO NATURAL 03MM -  DUREZA 60,KG,258.0,0.0,0.0,0.0,258.0,3600.0,928800.0,SS_STOCK SUCURSAL LA CHIMBA.xlsx
SS,STOCK SUCURSAL LA CHIMBA,B,ALE NO FERRICOS,GM,GOMA,BCACHCN06NN0,CAUCHO NATURAL 06MM -  DUREZA 60,KG,366.0,0.0,0.0,0.0,366.0,3600.0,1317600.0,SS_STOCK SUCURSAL LA CHIMBA.xlsx
SS,STOCK SUCURSAL LA CHIMBA,B,ALE NO FERRICOS,GM,GOMA,BCACHCN12NN0,CAUCHO NATURAL 12MM -  DUREZA 60,KG,318.0,0.0,0.0,0.0,318.0,0.0,0.0,SS_STOCK SUCURSAL LA CHIMBA.xlsx
SS,STOCK SUCURSAL LA CHIMBA,B,ALE NO FERRICOS,GM,GOMA,BCACHNE03NN0,CAUCHO NEOPRENO  03MM,KG,86.0,0.0,0.0,0.0,86.0,0.0,0.0,SS_STOCK SUCURSAL LA CHIMBA.xlsx
SS,STOCK SUCURSAL LA CHIMBA,B,ALE NO FERRICOS,GM,GOMA,BCACHNE06NN0,CAUCHO NEOPRENO  06MM,KG,488.0,0.0,0.0,0.0,488.0,0.0,0.0,SS_STOCK SUCURSAL LA CHIMBA.xlsx
Total Sub Grupo : GM,,,,,,nan,,,1516.0,0.0,0.0,0.0,1516.0,,2246400.0,SS_STOCK SUCURSAL LA CHIMBA.xlsx
,,,,,,nan,,,,,,,,,,SS_STOCK SUCURSAL LA CHIMBA.xlsx
Total Grupo : B,,,,,,nan,,,10686.0,0.0,0.0,0.0,10686.0,,2246400.0,SS_STOCK SUCURSAL LA CHIMBA.xlsx
,,,,,,nan,,,,,,,,,,SS_STOCK SUCURSAL LA CHIMBA.xlsx
SS,STOCK SUCURSAL LA CHIMBA,C,AC. CARBONO,,,CA036GO0EYOO,GOLILLA PRESION  5/8in,UN,282.0,0.0,0.0,0.0,282.0,60.06,16938.0,SS_STOCK SUCURSAL LA CHIMBA.xlsx
Total Sub Grupo : Sin Sub Grupo,,,,,,nan,,,282.0,0.0,0.0,0.0,282.0,,16938.0,SS_STOCK SUCURSAL LA CHIMBA.xlsx
,,,,,,nan,,,,,,,,,,SS_STOCK SUCURSAL LA CHIMBA.xlsx
SS,STOCK SUCURSAL LA CHIMBA,C,AC. CARBONO,4C,CODO 45°,CA2344C06W04,CODO 45º RL 06in SCH40,UN,1.0,0.0,0.0,0.0,1.0,10016.57,10017.0,SS_STOCK SUCURSAL LA CHIMBA.xlsx
Total Sub Grupo : 4C,,,,,,nan,,,1.0,0.0,0.0,0.0,1.0,,10017.0,SS_STOCK SUCURSAL LA CHIMBA.xlsx
,,,,,,nan,,,,,,,,,,SS_STOCK SUCURSAL LA CHIMBA.xlsx
SS,STOCK SUCURSAL LA CHIMBA,C,AC. CARBONO,9C,CODO 90°,CA23493D3W45,CODO 3D 45° RL 3in  STD,UN,1.0,0.0,0.0,0.0,1.0,66954.0,66954.0,SS_STOCK SUCURSAL LA CHIMBA.xlsx
SS,STOCK SUCURSAL LA CHIMBA,C,AC. CARBONO,9C,CODO 90°,CA23493D4W90,CODO 3D 90° RL 4in  STD,UN,3.0,0.0,0.0,0.0,3.0,115870.0,347610.0,SS_STOCK SUCURSAL LA CHIMBA.xlsx
SS,STOCK SUCURSAL LA CHIMBA,C,AC. CARBONO,9C,CODO 90°,CA23493D6W45,CODO 3D 45° RL 6in  STD,UN,6.0,0.0,0.0,0.0,6.0,265207.0,1591242.0,SS_STOCK SUCURSAL LA CHIMBA.xlsx
SS,STOCK SUCURSAL LA CHIMBA,C,AC. CARBONO,9C,CODO 90°,CA23493D6W90,CODO 3D 90° RL 6in  STD,UN,14.0,0.0,0.0,0.0,14.0,255642.0,3578988.0,SS_STOCK SUCURSAL LA CHIMBA.xlsx
SS,STOCK SUCURSAL LA CHIMBA,C,AC. CARBONO,9C,CODO 90°,CA23493D8W45,CODO 3D 45° RL 8in  STD,UN,1.0,0.0,0.0,0.0,1.0,604323.0,604323.0,SS_STOCK SUCURSAL LA CHIMBA.xlsx
SS,STOCK SUCURSAL LA CHIMBA,C,AC. CARBONO,9C,CODO 90°,CA23495D4W45,CODO 5D 45° RL 4in  STD,UN,1.0,0.0,0.0,0.0,1.0,156515.0,156515.0,SS_STOCK SUCURSAL LA CHIMBA.xlsx
SS,STOCK SUCURSAL LA CHIMBA,C,AC. CARBONO,9C,CODO 90°,CA23495D4W90,CODO 5D 90° RL 4in  STD,UN,1.0,0.0,0.0,0.0,1.0,149559.0,149559.0,SS_STOCK SUCURSAL LA CHIMBA.xlsx
SS,STOCK SUCURSAL LA CHIMBA,C,AC. CARBONO,9C,CODO 90°,CA2349C03W13,CODO 90° RL 3in SCH40,UN,35.0,0.0,0.0,0.0,35.0,6603.47,231122.0,SS_STOCK SUCURSAL LA CHIMBA.xlsx
SS,STOCK SUCURSAL LA CHIMBA,C,AC. CARBONO,9C,CODO 90°,CA2349C06W04,CODO 90º RL 06in SCH40,UN,19.0,0.0,0.0,0.0,19.0,23430.0,445170.0,SS_STOCK SUCURSAL LA CHIMBA.xlsx
SS,STOCK SUCURSAL LA CHIMBA,C,AC. CARBONO,9C,CODO 90°,CA2349C08W04,CODO 90° RC 8 in SCH 40,UN,1.0,0.0,0.0,0.0,1.0,35525.0,35525.0,SS_STOCK SUCURSAL LA CHIMBA.xlsx
SS,STOCK SUCURSAL LA CHIMBA,C,AC. CARBONO,9C,CODO 90°,CA2349C10W04,CODO 90º RL 10in SCH40,UN,21.0,0.0,0.0,0.0,21.0,86689.52,1820480.0,SS_STOCK SUCURSAL LA CHIMBA.xlsx
SS,STOCK SUCURSAL LA CHIMBA,C,AC. CARBONO,9C,CODO 90°,CA2349C14W04,CODO 90º RL 14in SCH 40,UN,10.0,0.0,0.0,0.0,10.0,124846.85,1248468.0,SS_STOCK SUCURSAL LA CHIMBA.xlsx
SS,STOCK SUCURSAL LA CHIMBA,C,AC. CARBONO,9C,CODO 90°,CA234C38W004,CODO 90º RC 4in SCH 40,UN,8.0,0.0,0.0,0.0,8.0,10896.0,87168.0,SS_STOCK SUCURSAL LA CHIMBA.xlsx
Total Sub Grupo : 9C,,,,,,nan,,,121.0,0.0,0.0,0.0,121.0,,10363124.0,SS_STOCK SUCURSAL LA CHIMBA.xlsx
,,,,,,nan,,,,,,,,,,SS_STOCK SUCURSAL LA CHIMBA.xlsx
SS,STOCK SUCURSAL LA CHIMBA,C,AC. CARBONO,CN,CAÑERIA,CA053CN2MT00,CAÑERIA A-106 2 1/2 in SCH80,MT,6.0,0.0,0.0,0.0,6.0,7689.21,46135.0,SS_STOCK SUCURSAL LA CHIMBA.xlsx
Total Sub Grupo : CN,,,,,,nan,,,6.0,0.0,0.0,0.0,6.0,,46135.0,SS_STOCK SUCURSAL LA CHIMBA.xlsx
,,,,,,nan,,,,,,,,,,SS_STOCK SUCURSAL LA CHIMBA.xlsx
SS,STOCK SUCURSAL LA CHIMBA,C,AC. CARBONO,CO,COPLA,CA234TE03000,TEE RECTA 3 in A234 SCH 40,UN,7.0,0.0,0.0,0.0,7.0,9635.0,67445.0,SS_STOCK SUCURSAL LA CHIMBA.xlsx
SS,STOCK SUCURSAL LA CHIMBA,C,AC. CARBONO,CO,COPLA,CA234TE06000,TEE RECTA 6 in A-234 SCH40,UN,5.0,0.0,0.0,0.0,5.0,23496.83,117484.0,SS_STOCK SUCURSAL LA CHIMBA.xlsx
SS,STOCK SUCURSAL LA CHIMBA,C,AC. CARBONO,CO,COPLA,CA234TEEA403,TEE RECTA 4 in A-234 SCH 40,UN,4.0,0.0,0.0,0.0,4.0,12886.0,51544.0,SS_STOCK SUCURSAL LA CHIMBA.xlsx
Total Sub Grupo : CO,,,,,,nan,,,16.0,0.0,0.0,0.0,16.0,,236473.0,SS_STOCK SUCURSAL LA CHIMBA.xlsx
,,,,,,nan,,,,,,,,,,SS_STOCK SUCURSAL LA CHIMBA.xlsx
SS,STOCK SUCURSAL LA CHIMBA,C,AC. CARBONO,FL,FLANGE,CA036FL14Z17,FLANGE A-105 CL 150 LB SLIP-ON 14in,UN,4.0,0.0,0.0,0.0,4.0,137222.62,548890.0,SS_STOCK SUCURSAL LA CHIMBA.xlsx
SS,STOCK SUCURSAL LA CHIMBA,C,AC. CARBONO,FL,FLANGE,CA105FL02X00,FLANGE A-105 02in CIEGO CL 150 LBS RF,UN,1.0,0.0,0.0,0.0,1.0,7439.5,7440.0,SS_STOCK SUCURSAL LA CHIMBA.xlsx
SS,STOCK SUCURSAL LA CHIMBA,C,AC. CARBONO,FL,FLANGE,CA105FL02Z17,FLANGE A-105  02in SLIP ON RF CLASE 150lb,UN,7.0,0.0,0.0,0.0,7.0,5694.36,39860.0,SS_STOCK SUCURSAL LA CHIMBA.xlsx
SS,STOCK SUCURSAL LA CHIMBA,C,AC. CARBONO,FL,FLANGE,CA105FL03Z17,FLANGE A-105  03in SLIP ON RF CLASE 150lb,UN,9.0,0.0,0.0,0.0,9.0,9839.47,88555.0,SS_STOCK SUCURSAL LA CHIMBA.xlsx
SS,STOCK SUCURSAL LA CHIMBA,C,AC. CARBONO,FL,FLANGE,CA105FL04X00,FLANGE A-105 04in CIEGO CL 150 LBS,UN,2.0,0.0,0.0,0.0,2.0,16482.0,32964.0,SS_STOCK SUCURSAL LA CHIMBA.xlsx
SS,STOCK SUCURSAL LA CHIMBA,C,AC. CARBONO,FL,FLANGE,CA105FL06X00,FLANGE A-105 06in CIEGO CL 150 LBS RF,UN,7.0,0.0,0.0,0.0,7.0,24537.11,171760.0,SS_STOCK SUCURSAL LA CHIMBA.xlsx
SS,STOCK SUCURSAL LA CHIMBA,C,AC. CARBONO,FL,FLANGE,CA105FL08X00,FLANGE A-105 08in CIEGO CL 150 LBS RF,UN,2.0,0.0,0.0,0.0,2.0,94310.0,188620.0,SS_STOCK SUCURSAL LA CHIMBA.xlsx
SS,STOCK SUCURSAL LA CHIMBA,C,AC. CARBONO,FL,FLANGE,CA105FL08Z17,FLANGE A-105  08in SLIP ON RF CLASE 150lb,UN,12.0,0.0,0.0,0.0,12.0,32080.1,384961.0,SS_STOCK SUCURSAL LA CHIMBA.xlsx
SS,STOCK SUCURSAL LA CHIMBA,C,AC. CARBONO,FL,FLANGE,CA105FL10Z17,FLANGE A-105 CL 150 LB SLIP-ON 10in,UN,20.0,0.0,0.0,0.0,20.0,27755.87,555117.0,SS_STOCK SUCURSAL LA CHIMBA.xlsx
SS,STOCK SUCURSAL LA CHIMBA,C,AC. CARBONO,FL,FLANGE,CA105FL12Z17,FLANGE A-105 CL 150 LB SLIP-ON 12in,UN,9.0,0.0,0.0,0.0,9.0,54861.45,493753.0,SS_STOCK SUCURSAL LA CHIMBA.xlsx
SS,STOCK SUCURSAL LA CHIMBA,C,AC. CARBONO,FL,FLANGE,CA105FL2MZ17,FLANGE A-105  2 1/2 in SLIP ON RF CLASE 150lb,UN,1.0,0.0,0.0,0.0,1.0,8668.17,8668.0,SS_STOCK SUCURSAL LA CHIMBA.xlsx
SS,STOCK SUCURSAL LA CHIMBA,C,AC. CARBONO,FL,FLANGE,CA105FLWN300,FLANGE WN A-105 3 in CL 300 RF SCH-XS,UN,1.0,0.0,0.0,0.0,1.0,18213.0,18213.0,SS_STOCK SUCURSAL LA CHIMBA.xlsx
Total Sub Grupo : FL,,,,,,nan,,,75.0,0.0,0.0,0.0,75.0,,2538802.0,SS_STOCK SUCURSAL LA CHIMBA.xlsx
,,,,,,nan,,,,,,,,,,SS_STOCK SUCURSAL LA CHIMBA.xlsx
SS,STOCK SUCURSAL LA CHIMBA,C,AC. CARBONO,GO,GOLILLA,CA036GO0QY00,GOLILLA PRESION 3/4 in,UN,105.0,0.0,0.0,0.0,105.0,61.97,6507.0,SS_STOCK SUCURSAL LA CHIMBA.xlsx
Total Sub Grupo : GO,,,,,,nan,,,105.0,0.0,0.0,0.0,105.0,,6507.0,SS_STOCK SUCURSAL LA CHIMBA.xlsx
,,,,,,nan,,,,,,,,,,SS_STOCK SUCURSAL LA CHIMBA.xlsx
SS,STOCK SUCURSAL LA CHIMBA,C,AC. CARBONO,PE,PERNO,C1020PE10S34,PERNO ANCLAJE 3/4,UN,28.0,0.0,0.0,0.0,28.0,2013.0,56364.0,SS_STOCK SUCURSAL LA CHIMBA.xlsx
SS,STOCK SUCURSAL LA CHIMBA,C,AC. CARBONO,PE,PERNO,CA036PE0C3MV,TORNILLO AUTOPERFORANTE HEX1/4in X 3 1/2in  CON GOLILLA GOMA,UN,89.0,0.0,0.0,0.0,89.0,39.0,3471.0,SS_STOCK SUCURSAL LA CHIMBA.xlsx
SS,STOCK SUCURSAL LA CHIMBA,C,AC. CARBONO,PE,PERNO,CA325PES2MY0,PERNO HEXAGONAL A-325 7/8 X 2 1/2'',UN,297.0,0.0,0.0,0.0,297.0,387.0,114939.0,SS_STOCK SUCURSAL LA CHIMBA.xlsx
Total Sub Grupo : PE,,,,,,nan,,,414.0,0.0,0.0,0.0,414.0,,174774.0,SS_STOCK SUCURSAL LA CHIMBA.xlsx
,,,,,,nan,,,,,,,,,,SS_STOCK SUCURSAL LA CHIMBA.xlsx
SS,STOCK SUCURSAL LA CHIMBA,C,AC. CARBONO,RC,RED. CONCENTRICA,CA234RC10W08,REDUCCIÓN CONCENTRICA  10in - 08in WELDING SCH14,UN,2.0,0.0,0.0,0.0,2.0,22067.0,44134.0,SS_STOCK SUCURSAL LA CHIMBA.xlsx
Total Sub Grupo : RC,,,,,,nan,,,2.0,0.0,0.0,0.0,2.0,,44134.0,SS_STOCK SUCURSAL LA CHIMBA.xlsx
,,,,,,nan,,,,,,,,,,SS_STOCK SUCURSAL LA CHIMBA.xlsx
SS,STOCK SUCURSAL LA CHIMBA,C,AC. CARBONO,TE,TEE RECTA,CA234TE14W04,TEE RECTA 14 in A-234 SCH40,UN,1.0,0.0,0.0,0.0,1.0,130752.0,130752.0,SS_STOCK SUCURSAL LA CHIMBA.xlsx
Total Sub Grupo : TE,,,,,,nan,,,1.0,0.0,0.0,0.0,1.0,,130752.0,SS_STOCK SUCURSAL LA CHIMBA.xlsx
,,,,,,nan,,,,,,,,,,SS_STOCK SUCURSAL LA CHIMBA.xlsx
SS,STOCK SUCURSAL LA CHIMBA,C,AC. CARBONO,TR,TEE REDUCCION,CA234ER06W03,REDUCCION EXCENTRICA A-234 06in X 03in SCH40,UN,1.0,0.0,0.0,0.0,1.0,10387.0,10387.0,SS_STOCK SUCURSAL LA CHIMBA.xlsx
SS,STOCK SUCURSAL LA CHIMBA,C,AC. CARBONO,TR,TEE REDUCCION,CA234ER06W04,REDUCCION EXCENTRICA A-234 06in X 04in SCH40,UN,1.0,0.0,0.0,0.0,1.0,8844.0,8844.0,SS_STOCK SUCURSAL LA CHIMBA.xlsx
SS,STOCK SUCURSAL LA CHIMBA,C,AC. CARBONO,TR,TEE REDUCCION,CA234TR08W06,TEE REDUCCION A-234 08in X 6in SCH40,UN,2.0,0.0,0.0,0.0,2.0,17665.0,35330.0,SS_STOCK SUCURSAL LA CHIMBA.xlsx
SS,STOCK SUCURSAL LA CHIMBA,C,AC. CARBONO,TR,TEE REDUCCION,CA234TR14W10,REDUCCION CONCENTRICA A-234 14 in X 10i n SCH40,UN,1.0,0.0,0.0,0.0,1.0,59786.0,59786.0,SS_STOCK SUCURSAL LA CHIMBA.xlsx
SS,STOCK SUCURSAL LA CHIMBA,C,AC. CARBONO,TR,TEE REDUCCION,CA234TRC4212,REDUCCION CONCENTRICA A-234 SCH-40 4X2  1/2,UN,1.0,0.0,0.0,0.0,1.0,5047.0,5047.0,SS_STOCK SUCURSAL LA CHIMBA.xlsx
Total Sub Grupo : TR,,,,,,nan,,,6.0,0.0,0.0,0.0,6.0,,119394.0,SS_STOCK SUCURSAL LA CHIMBA.xlsx
,,,,,,nan,,,,,,,,,,SS_STOCK SUCURSAL LA CHIMBA.xlsx
SS,STOCK SUCURSAL LA CHIMBA,C,AC. CARBONO,TU,TUERCA,CA036PE1CV00,TORNILLO AUTOPERFORANTE 1 1/4 CON GOLILLA,UN,200.0,0.0,0.0,0.0,200.0,39.0,7800.0,SS_STOCK SUCURSAL LA CHIMBA.xlsx
SS,STOCK SUCURSAL LA CHIMBA,C,AC. CARBONO,TU,TUERCA,CA036TU1CY00,TUERCA HEXAGONAL DE 1 3/4 in,UN,45.0,0.0,0.0,0.0,45.0,192.0,8640.0,SS_STOCK SUCURSAL LA CHIMBA.xlsx
SS,STOCK SUCURSAL LA CHIMBA,C,AC. CARBONO,TU,TUERCA,CA036TUOEZOO,TUERCA HEX  5/8 in,UN,321.0,0.0,0.0,0.0,321.0,140.0,44940.0,SS_STOCK SUCURSAL LA CHIMBA.xlsx
Total Sub Grupo : TU,,,,,,nan,,,566.0,0.0,0.0,0.0,566.0,,61380.0,SS_STOCK SUCURSAL LA CHIMBA.xlsx
,,,,,,nan,,,,,,,,,,SS_STOCK SUCURSAL LA CHIMBA.xlsx
Total Grupo : C,,,,,,nan,,,1595.0,0.0,0.0,0.0,1595.0,,13748430.0,SS_STOCK SUCURSAL LA CHIMBA.xlsx
,,,,,,nan,,,,,,,,,,SS_STOCK SUCURSAL LA CHIMBA.xlsx
SS,STOCK SUCURSAL LA CHIMBA,E,EPP,AN,ANTIPARRA,E100AN000005,CASQUETE PORTAVISOR CON ARNES CABEZA PARA PANTALLA 8 X 16,,2.0,0.0,0.0,0.0,2.0,1808.87,3618.0,SS_STOCK SUCURSAL LA CHIMBA.xlsx
Total Sub Grupo : AN,,,,,,nan,,,2.0,0.0,0.0,0.0,2.0,,3618.0,SS_STOCK SUCURSAL LA CHIMBA.xlsx
,,,,,,nan,,,,,,,,,,SS_STOCK SUCURSAL LA CHIMBA.xlsx
SS,STOCK SUCURSAL LA CHIMBA,E,EPP,BL,BLOQUEO,E500BLLOCK01,CANDADO BLOQUEO AMERICAN LOCK,UN,6.0,0.0,0.0,0.0,6.0,8473.97,50844.0,SS_STOCK SUCURSAL LA CHIMBA.xlsx
Total Sub Grupo : BL,,,,,,nan,,,6.0,0.0,0.0,0.0,6.0,,50844.0,SS_STOCK SUCURSAL LA CHIMBA.xlsx
,,,,,,nan,,,,,,,,,,SS_STOCK SUCURSAL LA CHIMBA.xlsx
SS,STOCK SUCURSAL LA CHIMBA,E,EPP,BU,BUZO,E300BUNNNN05,OVEROL TELE ANTIACIDA,UN,4.0,0.0,0.0,0.0,4.0,13900.0,55600.0,SS_STOCK SUCURSAL LA CHIMBA.xlsx
SS,STOCK SUCURSAL LA CHIMBA,E,EPP,BU,BUZO,E400BUBLAC03,BUZO PAPEL BLANCO,UN,31.0,0.0,0.0,0.0,31.0,2699.07,83671.0,SS_STOCK SUCURSAL LA CHIMBA.xlsx
Total Sub Grupo : BU,,,,,,nan,,,35.0,0.0,0.0,0.0,35.0,,139271.0,SS_STOCK SUCURSAL LA CHIMBA.xlsx
,,,,,,nan,,,,,,,,,,SS_STOCK SUCURSAL LA CHIMBA.xlsx
SS,STOCK SUCURSAL LA CHIMBA,E,EPP,CQ,CHAQUETA,E300CQWORK03,IN - CHAQUETA POLAR VARON,UN,2.0,0.0,0.0,0.0,2.0,6200.0,12400.0,SS_STOCK SUCURSAL LA CHIMBA.xlsx
Total Sub Grupo : CQ,,,,,,nan,,,2.0,0.0,0.0,0.0,2.0,,12400.0,SS_STOCK SUCURSAL LA CHIMBA.xlsx
,,,,,,nan,,,,,,,,,,SS_STOCK SUCURSAL LA CHIMBA.xlsx
SS,STOCK SUCURSAL LA CHIMBA,E,EPP,FI,FILTROS,E100F1003M07,FILTRO 2091 (P100) - 3M CONTRA PARTICULAS,UN,183.0,0.0,0.0,0.0,183.0,7084.35,1296437.0,SS_STOCK SUCURSAL LA CHIMBA.xlsx
SS,STOCK SUCURSAL LA CHIMBA,E,EPP,FI,FILTROS,E100FI000009,FILTRO AIR F200CP3 - CONTRA PARTICULAS Y VAPORES,UN,6.0,0.0,0.0,0.0,6.0,5411.6,32470.0,SS_STOCK SUCURSAL LA CHIMBA.xlsx
SS,STOCK SUCURSAL LA CHIMBA,E,EPP,FI,FILTROS,E100FI003M04,FILTRO 60923 3M / F600VGP3 AIR - CONTRA GASES Y VAPORES,UN,6.0,0.0,0.0,0.0,6.0,5255.96,31536.0,SS_STOCK SUCURSAL LA CHIMBA.xlsx
SS,STOCK SUCURSAL LA CHIMBA,E,EPP,FI,FILTROS,E100FI0M0001,RESPIRADOR MEDIO ROSTRO,UN,10.0,0.0,0.0,0.0,10.0,24530.31,245303.0,SS_STOCK SUCURSAL LA CHIMBA.xlsx
Total Sub Grupo : FI,,,,,,nan,,,205.0,0.0,0.0,0.0,205.0,,1605745.0,SS_STOCK SUCURSAL LA CHIMBA.xlsx
,,,,,,nan,,,,,,,,,,SS_STOCK SUCURSAL LA CHIMBA.xlsx
SS,STOCK SUCURSAL LA CHIMBA,E,EPP,GU,GUANTES,E200GU000007,GUANTE DE NITRILO VERDE,PR,100.0,0.0,0.0,0.0,100.0,720.0,72000.0,SS_STOCK SUCURSAL LA CHIMBA.xlsx
SS,STOCK SUCURSAL LA CHIMBA,E,EPP,GU,GUANTES,E200GUANCO16,GUANTES ANTI CORTES,PR,6.0,0.0,0.0,0.0,6.0,4620.26,27722.0,SS_STOCK SUCURSAL LA CHIMBA.xlsx
SS,STOCK SUCURSAL LA CHIMBA,E,EPP,GU,GUANTES,E200GUNNNN06,GUANTES DE NITRILO - GOMA,UN,7.0,0.0,0.0,0.0,7.0,1270.0,8890.0,SS_STOCK SUCURSAL LA CHIMBA.xlsx
SS,STOCK SUCURSAL LA CHIMBA,E,EPP,GU,GUANTES,E200GUOOOOO4,GUANTES DE CABRITILLA  PUÑO LARGO,PR,8.0,0.0,0.0,0.0,8.0,1811.83,14495.0,SS_STOCK SUCURSAL LA CHIMBA.xlsx
SS,STOCK SUCURSAL LA CHIMBA,E,EPP,GU,GUANTES,E200GUPROM01,GUANTES DE CABRITILLA PUÑO CORTO,PR,50.0,0.0,0.0,0.0,50.0,1352.2,67610.0,SS_STOCK SUCURSAL LA CHIMBA.xlsx
Total Sub Grupo : GU,,,,,,nan,,,171.0,0.0,0.0,0.0,171.0,,190716.0,SS_STOCK SUCURSAL LA CHIMBA.xlsx
,,,,,,nan,,,,,,,,,,SS_STOCK SUCURSAL LA CHIMBA.xlsx
SS,STOCK SUCURSAL LA CHIMBA,E,EPP,LE,LENTE,E100LE000002,LENTES OSCUROS,UN,4.0,0.0,0.0,0.0,4.0,1459.95,5840.0,SS_STOCK SUCURSAL LA CHIMBA.xlsx
Total Sub Grupo : LE,,,,,,nan,,,4.0,0.0,0.0,0.0,4.0,,5840.0,SS_STOCK SUCURSAL LA CHIMBA.xlsx
,,,,,,nan,,,,,,,,,,SS_STOCK SUCURSAL LA CHIMBA.xlsx
SS,STOCK SUCURSAL LA CHIMBA,E,EPP,PA,PROTECTOR AUDITIVO,E100PA000003,TAPON AUDITIVO REUTILIZABLE,UN,224.0,0.0,0.0,0.0,224.0,301.32,67496.0,SS_STOCK SUCURSAL LA CHIMBA.xlsx
SS,STOCK SUCURSAL LA CHIMBA,E,EPP,PA,PROTECTOR AUDITIVO,E100PA003M02,TAPON AUDITIVO ESPUMA - 3 M,UN,41.0,0.0,0.0,0.0,41.0,101.48,4161.0,SS_STOCK SUCURSAL LA CHIMBA.xlsx
Total Sub Grupo : PA,,,,,,nan,,,265.0,0.0,0.0,0.0,265.0,,71657.0,SS_STOCK SUCURSAL LA CHIMBA.xlsx
,,,,,,nan,,,,,,,,,,SS_STOCK SUCURSAL LA CHIMBA.xlsx
SS,STOCK SUCURSAL LA CHIMBA,E,EPP,PO,POLERA,E400PC00XXL4,CONJUNTO PRIMERA CAPA POLIESTER T/XXL,UN,2.0,0.0,0.0,0.0,2.0,5387.0,10774.0,SS_STOCK SUCURSAL LA CHIMBA.xlsx
Total Sub Grupo : PO,,,,,,nan,,,2.0,0.0,0.0,0.0,2.0,,10774.0,SS_STOCK SUCURSAL LA CHIMBA.xlsx
,,,,,,nan,,,,,,,,,,SS_STOCK SUCURSAL LA CHIMBA.xlsx
SS,STOCK SUCURSAL LA CHIMBA,E,EPP,SD,SOLDADOR,E400SDALFA01,PANTALON SOLDADOR CUERO,UN,12.0,0.0,0.0,0.0,12.0,64539.77,774477.0,SS_STOCK SUCURSAL LA CHIMBA.xlsx
SS,STOCK SUCURSAL LA CHIMBA,E,EPP,SD,SOLDADOR,E400SDKEVL04,COLETO DE CUERO,UN,5.0,0.0,0.0,0.0,5.0,6540.18,32701.0,SS_STOCK SUCURSAL LA CHIMBA.xlsx
SS,STOCK SUCURSAL LA CHIMBA,E,EPP,SD,SOLDADOR,E400SDMAOT01,CHAQUETA SOLDADOR CUERO MAO TENMIX,UN,3.0,0.0,0.0,0.0,3.0,68900.0,206700.0,SS_STOCK SUCURSAL LA CHIMBA.xlsx
Total Sub Grupo : SD,,,,,,nan,,,20.0,0.0,0.0,0.0,20.0,,1013878.0,SS_STOCK SUCURSAL LA CHIMBA.xlsx
,,,,,,nan,,,,,,,,,,SS_STOCK SUCURSAL LA CHIMBA.xlsx
SS,STOCK SUCURSAL LA CHIMBA,E,EPP,VD,VIDRIO,E100VD000002,VIDRIO SOLDADOR NEGRO,UN,525.0,0.0,0.0,0.0,525.0,128.0,67200.0,SS_STOCK SUCURSAL LA CHIMBA.xlsx
SS,STOCK SUCURSAL LA CHIMBA,E,EPP,VD,VIDRIO,E100VD000007,PACK VISORES MASCARA DE SOLDAR STEELPRO,UN,37.0,0.0,0.0,0.0,37.0,2730.37,101024.0,SS_STOCK SUCURSAL LA CHIMBA.xlsx
SS,STOCK SUCURSAL LA CHIMBA,E,EPP,VD,VIDRIO,E100VD000010,MASCARA DE SOLDAR,UN,24.0,0.0,0.0,0.0,24.0,25528.9,612694.0,SS_STOCK SUCURSAL LA CHIMBA.xlsx
SS,STOCK SUCURSAL LA CHIMBA,E,EPP,VD,VIDRIO,E100VDBLAC01,VIDRIO SOLDADOR TRANSPARENTE - MASCARA NORMAL,,763.0,0.0,0.0,0.0,763.0,72.4,55244.0,SS_STOCK SUCURSAL LA CHIMBA.xlsx
SS,STOCK SUCURSAL LA CHIMBA,E,EPP,VD,VIDRIO,E100VDNEGR10,VIDRIO SOLDADOR NEGRO GRADO 10,UN,86.0,0.0,0.0,0.0,86.0,950.0,81700.0,SS_STOCK SUCURSAL LA CHIMBA.xlsx
SS,STOCK SUCURSAL LA CHIMBA,E,EPP,VD,VIDRIO,E100VDNEGR12,VIDRIO SOLDADOR NEGRO GRADO 12,UN,95.0,0.0,0.0,0.0,95.0,10.0,950.0,SS_STOCK SUCURSAL LA CHIMBA.xlsx
SS,STOCK SUCURSAL LA CHIMBA,E,EPP,VD,VIDRIO,E100VDOPTE03,MASCARA DE SOLDAR FOTOSENSIBLE STEELPRO OPTECH,UN,1.0,0.0,0.0,0.0,1.0,36217.18,36217.0,SS_STOCK SUCURSAL LA CHIMBA.xlsx
Total Sub Grupo : VD,,,,,,nan,,,1531.0,0.0,0.0,0.0,1531.0,,955028.0,SS_STOCK SUCURSAL LA CHIMBA.xlsx
,,,,,,nan,,,,,,,,,,SS_STOCK SUCURSAL LA CHIMBA.xlsx
Total Grupo : E,,,,,,nan,,,2243.0,0.0,0.0,0.0,2243.0,,4059771.0,SS_STOCK SUCURSAL LA CHIMBA.xlsx
,,,,,,nan,,,,,,,,,,SS_STOCK SUCURSAL LA CHIMBA.xlsx
SS,STOCK SUCURSAL LA CHIMBA,I,INSUMOS,BQ,BOQUILLA,IBQ23016NN00,BOQUILLA MIG 1.6 MM,,296.0,0.0,0.0,0.0,296.0,504.0,149184.0,SS_STOCK SUCURSAL LA CHIMBA.xlsx
SS,STOCK SUCURSAL LA CHIMBA,I,INSUMOS,BQ,BOQUILLA,IBQ25016NN00,BOQUILLA PISTOLA MIG 1.6,,86.0,0.0,0.0,0.0,86.0,1500.0,129000.0,SS_STOCK SUCURSAL LA CHIMBA.xlsx
Total Sub Grupo : BQ,,,,,,nan,,,382.0,0.0,0.0,0.0,382.0,,278184.0,SS_STOCK SUCURSAL LA CHIMBA.xlsx
,,,,,,nan,,,,,,,,,,SS_STOCK SUCURSAL LA CHIMBA.xlsx
SS,STOCK SUCURSAL LA CHIMBA,I,INSUMOS,EN,ENERGIAS RENOVABLES,IEN030NNNN00,"HUAWEI, INVERSOR ONGRIF TRIFASICO, 100KW, IP65, VERSION M2",UN,0.1,0.0,0.0,0.0,0.1,4828833.0,482883.0,SS_STOCK SUCURSAL LA CHIMBA.xlsx
SS,STOCK SUCURSAL LA CHIMBA,I,INSUMOS,EN,ENERGIAS RENOVABLES,IEN040NNNN00,"HUAWEI, INVERSOR HIBRIDO TRIFASICO, 50KW, IP65, VERSION 3M",UN,1.0,0.0,0.0,0.0,1.0,2558935.0,2558935.0,SS_STOCK SUCURSAL LA CHIMBA.xlsx
SS,STOCK SUCURSAL LA CHIMBA,I,INSUMOS,EN,ENERGIAS RENOVABLES,IEN050NNNN00,"HUAWEI, SMART DONGLE WLAN-FE (10/100 MBIT PORT)",UN,1.0,0.0,0.0,0.0,1.0,58777.0,58777.0,SS_STOCK SUCURSAL LA CHIMBA.xlsx
Total Sub Grupo : EN,,,,,,nan,,,2.1,0.0,0.0,0.0,2.1,,3100595.0,SS_STOCK SUCURSAL LA CHIMBA.xlsx
,,,,,,nan,,,,,,,,,,SS_STOCK SUCURSAL LA CHIMBA.xlsx
SS,STOCK SUCURSAL LA CHIMBA,I,INSUMOS,LI,LIMPIEZA,ILISETPAMICR,SET PAÑO DE MICROFIBRA CUN1,UN,9.0,0.0,0.0,0.0,9.0,399.0,3591.0,SS_STOCK SUCURSAL LA CHIMBA.xlsx
Total Sub Grupo : LI,,,,,,nan,,,9.0,0.0,0.0,0.0,9.0,,3591.0,SS_STOCK SUCURSAL LA CHIMBA.xlsx
,,,,,,nan,,,,,,,,,,SS_STOCK SUCURSAL LA CHIMBA.xlsx
SS,STOCK SUCURSAL LA CHIMBA,I,INSUMOS,OT,OTROS,IOT117180N00,RODILLO 180MM,UN,50.0,0.0,0.0,0.0,50.0,1794.0,89700.0,SS_STOCK SUCURSAL LA CHIMBA.xlsx
SS,STOCK SUCURSAL LA CHIMBA,I,INSUMOS,OT,OTROS,IOT302TAP124,TORNILLO AUTOPERFORANTE HEXAGONAL 1/2 X 4 IN ,UN,481.0,0.0,0.0,0.0,481.0,110.0,52910.0,SS_STOCK SUCURSAL LA CHIMBA.xlsx
Total Sub Grupo : OT,,,,,,nan,,,531.0,0.0,0.0,0.0,531.0,,142610.0,SS_STOCK SUCURSAL LA CHIMBA.xlsx
,,,,,,nan,,,,,,,,,,SS_STOCK SUCURSAL LA CHIMBA.xlsx
SS,STOCK SUCURSAL LA CHIMBA,I,INSUMOS,SL,SOLDADURA,ISL9200G7018,ELECTRODO 7018 5/32 IN,KG,0.8,0.0,0.0,0.0,0.8,3250.0,2600.0,SS_STOCK SUCURSAL LA CHIMBA.xlsx
SS,STOCK SUCURSAL LA CHIMBA,I,INSUMOS,SL,SOLDADURA,ISL9200H6011,ELECTRODO 6011  3/32 in,KG,0.7,0.0,0.0,0.0,0.7,3193.07,2235.0,SS_STOCK SUCURSAL LA CHIMBA.xlsx
SS,STOCK SUCURSAL LA CHIMBA,I,INSUMOS,SL,SOLDADURA,ISL9200O6011,ELECTRODO 6011  1/8 in,KG,112.75,0.0,0.0,0.0,112.75,3566.94,402173.0,SS_STOCK SUCURSAL LA CHIMBA.xlsx
SS,STOCK SUCURSAL LA CHIMBA,I,INSUMOS,SL,SOLDADURA,ISL9200OSCLI,ELECTRODO 1/8in E6010 PARA CARBONO LINCONLN,,150.0,0.0,0.0,0.0,150.0,1465.0,219750.0,SS_STOCK SUCURSAL LA CHIMBA.xlsx
SS,STOCK SUCURSAL LA CHIMBA,I,INSUMOS,SL,SOLDADURA,ISL9300EST00,ALAMBRE SOLDADURA ESTAÑO,KG,2.0,0.0,0.0,0.0,2.0,7247.5,14495.0,SS_STOCK SUCURSAL LA CHIMBA.xlsx
SS,STOCK SUCURSAL LA CHIMBA,I,INSUMOS,SL,SOLDADURA,ISL9401271T1,ALAMBRE DE SOLDADURA E71T1 TUBULAR 1.2 MM MIG,KG,380.0,0.0,0.0,0.0,380.0,3722.86,1414685.0,SS_STOCK SUCURSAL LA CHIMBA.xlsx
SS,STOCK SUCURSAL LA CHIMBA,I,INSUMOS,SL,SOLDADURA,ISL94012SSNN,ALAMBRE SOLDADURA 316L 1.2 MM SOLIDO,KG,105.0,0.0,0.0,0.0,105.0,10072.5,1057612.0,SS_STOCK SUCURSAL LA CHIMBA.xlsx
SS,STOCK SUCURSAL LA CHIMBA,I,INSUMOS,SL,SOLDADURA,ISL9401681N1,ALAMBRE DE SOLDADURA E81NI1 TUBULAR 1.6 MM MIG,KG,171.0,0.0,0.0,0.0,171.0,6427.33,1099073.0,SS_STOCK SUCURSAL LA CHIMBA.xlsx
SS,STOCK SUCURSAL LA CHIMBA,I,INSUMOS,SL,SOLDADURA,ISL95024316L,APORTE TIG 3/32 - 316L,,2.0,0.0,0.0,0.0,2.0,15533.5,31067.0,SS_STOCK SUCURSAL LA CHIMBA.xlsx
SS,STOCK SUCURSAL LA CHIMBA,I,INSUMOS,SL,SOLDADURA,ISL970240000,ALAMBRE ARCO SUMERGIDO 2.4MM,KG,50.0,0.0,0.0,0.0,50.0,1450.0,72500.0,SS_STOCK SUCURSAL LA CHIMBA.xlsx
SS,STOCK SUCURSAL LA CHIMBA,I,INSUMOS,SL,SOLDADURA,ISL981SOLD0M,SOLDADURA ALAMBRE 50% X 1/2 ( ROLLO),UN,2.0,0.0,0.0,0.0,2.0,8151.26,16303.0,SS_STOCK SUCURSAL LA CHIMBA.xlsx
SS,STOCK SUCURSAL LA CHIMBA,I,INSUMOS,SL,SOLDADURA,ISLGRAFITO10,GRAFITO 3/8 x 12IN (10mm x 305mm),UN,250.0,0.0,0.0,0.0,250.0,494.55,123638.0,SS_STOCK SUCURSAL LA CHIMBA.xlsx
SS,STOCK SUCURSAL LA CHIMBA,I,INSUMOS,SL,SOLDADURA,ISLGRAFITO65,GRAFITO 1/4 x 12IN (6.5mm x 305mm),UN,500.0,0.0,0.0,0.0,500.0,251.0,125500.0,SS_STOCK SUCURSAL LA CHIMBA.xlsx
Total Sub Grupo : SL,,,,,,nan,,,1726.25,0.0,0.0,0.0,1726.25,,4581631.0,SS_STOCK SUCURSAL LA CHIMBA.xlsx
,,,,,,nan,,,,,,,,,,SS_STOCK SUCURSAL LA CHIMBA.xlsx
Total Grupo : I,,,,,,nan,,,2650.35,0.0,0.0,0.0,2650.35,,8106611.0,SS_STOCK SUCURSAL LA CHIMBA.xlsx
,,,,,,nan,,,,,,,,,,SS_STOCK SUCURSAL LA CHIMBA.xlsx
Total Final : ,,,,,,nan,,,28960.85,0.0,0.0,0.0,28960.85,,103221000.0,SS_STOCK SUCURSAL LA CHIMBA.xlsx
TE,TERRENO,,,,,11086200,"HARNESS,SZ L,KEVLAR,SERVI-ALL 0020020398",,2.0,0.0,0.0,0.0,2.0,175894.23,351788.0,TE_TERRENO.xlsx
Total Sub Grupo : Sin Sub Grupo,,,,,,nan,,,2.0,0.0,0.0,0.0,2.0,,351788.0,TE_TERRENO.xlsx
,,,,,,nan,,,,,,,,,,TE_TERRENO.xlsx
Total Grupo : Sin Grupo,,,,,,nan,,,2.0,0.0,0.0,0.0,2.0,,351788.0,TE_TERRENO.xlsx
,,,,,,nan,,,,,,,,,,TE_TERRENO.xlsx
TE,TERRENO,127,HERRAMIENTAS,RM,REPUESTOS MAQUINARIA,H300RM4M0002,JUEGO DE CARBONES ESMERIL ANGULAR 4 1/2 - DEWALT,PR,10.0,0.0,0.0,0.0,10.0,9184.6,91846.0,TE_TERRENO.xlsx
Total Sub Grupo : RM,,,,,,nan,,,10.0,0.0,0.0,0.0,10.0,,91846.0,TE_TERRENO.xlsx
,,,,,,nan,,,,,,,,,,TE_TERRENO.xlsx
Total Grupo : 127,,,,,,nan,,,10.0,0.0,0.0,0.0,10.0,,91846.0,TE_TERRENO.xlsx
,,,,,,nan,,,,,,,,,,TE_TERRENO.xlsx
TE,TERRENO,137,COMPUTACION,AO,ARTICULOS DE OFICINA,IAO130NNNN00,CINTA ADHESIVA ENMASCARAR,UN,5.0,0.0,0.0,0.0,5.0,1522.0,7610.0,TE_TERRENO.xlsx
Total Sub Grupo : AO,,,,,,nan,,,5.0,0.0,0.0,0.0,5.0,,7610.0,TE_TERRENO.xlsx
,,,,,,nan,,,,,,,,,,TE_TERRENO.xlsx
Total Grupo : 137,,,,,,nan,,,5.0,0.0,0.0,0.0,5.0,,7610.0,TE_TERRENO.xlsx
,,,,,,nan,,,,,,,,,,TE_TERRENO.xlsx
TE,TERRENO,E,EPP,AN,ANTIPARRA,E100AN000006,MICA PARA PULIR 8 X 16 CLARO BORDE ALUMINIO,,30.0,0.0,0.0,0.0,30.0,1158.48,34754.0,TE_TERRENO.xlsx
Total Sub Grupo : AN,,,,,,nan,,,30.0,0.0,0.0,0.0,30.0,,34754.0,TE_TERRENO.xlsx
,,,,,,nan,,,,,,,,,,TE_TERRENO.xlsx
TE,TERRENO,E,EPP,GU,GUANTES,E200GUOOOOO4,GUANTES DE CABRITILLA  PUÑO LARGO,PR,36.0,0.0,0.0,0.0,36.0,1811.83,65226.0,TE_TERRENO.xlsx
Total Sub Grupo : GU,,,,,,nan,,,36.0,0.0,0.0,0.0,36.0,,65226.0,TE_TERRENO.xlsx
,,,,,,nan,,,,,,,,,,TE_TERRENO.xlsx
TE,TERRENO,E,EPP,VD,VIDRIO,E100VD000007,PACK VISORES MASCARA DE SOLDAR STEELPRO,UN,30.0,0.0,0.0,0.0,30.0,2730.37,81911.0,TE_TERRENO.xlsx
Total Sub Grupo : VD,,,,,,nan,,,30.0,0.0,0.0,0.0,30.0,,81911.0,TE_TERRENO.xlsx
,,,,,,nan,,,,,,,,,,TE_TERRENO.xlsx
Total Grupo : E,,,,,,nan,,,96.0,0.0,0.0,0.0,96.0,,181891.0,TE_TERRENO.xlsx
,,,,,,nan,,,,,,,,,,TE_TERRENO.xlsx
TE,TERRENO,I,INSUMOS,EN,ENERGIAS RENOVABLES,IEN030NNNN00,"HUAWEI, INVERSOR ONGRIF TRIFASICO, 100KW, IP65, VERSION M2",UN,0.9,0.0,0.0,0.0,0.9,4828833.0,4345950.0,TE_TERRENO.xlsx
Total Sub Grupo : EN,,,,,,nan,,,0.9,0.0,0.0,0.0,0.9,,4345950.0,TE_TERRENO.xlsx
,,,,,,nan,,,,,,,,,,TE_TERRENO.xlsx
TE,TERRENO,I,INSUMOS,SL,SOLDADURA,ISL910000000,ANTI-SPATTER ANTISALPICADURAS 600ML (USO ACERO CARBONO),UN,1.0,0.0,0.0,0.0,1.0,6009.4,6009.0,TE_TERRENO.xlsx
TE,TERRENO,I,INSUMOS,SL,SOLDADURA,ISL9200H6011,ELECTRODO 6011  3/32 in,KG,5.0,0.0,0.0,0.0,5.0,3193.07,15965.0,TE_TERRENO.xlsx
TE,TERRENO,I,INSUMOS,SL,SOLDADURA,ISL9200H7018,ELECTRODO 7018  3/32 in,KG,5.0,0.0,0.0,0.0,5.0,3621.59,18108.0,TE_TERRENO.xlsx
TE,TERRENO,I,INSUMOS,SL,SOLDADURA,ISL9301270S6,"ALAMBRE SOLDADURA MIG SOLIDO 1,2MM  70S6",KG,15.0,0.0,0.0,0.0,15.0,3311.35,49670.0,TE_TERRENO.xlsx
TE,TERRENO,I,INSUMOS,SL,SOLDADURA,ISL9401271T1,ALAMBRE DE SOLDADURA E71T1 TUBULAR 1.2 MM MIG,KG,195.0,0.0,0.0,0.0,195.0,3722.86,725957.0,TE_TERRENO.xlsx
TE,TERRENO,I,INSUMOS,SL,SOLDADURA,ISL9401281N1,ALAMBRE DE SOLDADURA E81NI1 TUBULAR 1.2 MM MIG,KG,30.0,0.0,0.0,0.0,30.0,8100.0,243000.0,TE_TERRENO.xlsx
TE,TERRENO,I,INSUMOS,SL,SOLDADURA,ISL9500HSSTG,TUNGSTENO 3/32in 5% TORIO PUNTO ROJO,UN,8.0,0.0,0.0,0.0,8.0,4461.77,35694.0,TE_TERRENO.xlsx
Total Sub Grupo : SL,,,,,,nan,,,259.0,0.0,0.0,0.0,259.0,,1094404.0,TE_TERRENO.xlsx
,,,,,,nan,,,,,,,,,,TE_TERRENO.xlsx
Total Grupo : I,,,,,,nan,,,259.9,0.0,0.0,0.0,259.9,,5440354.0,TE_TERRENO.xlsx
,,,,,,nan,,,,,,,,,,TE_TERRENO.xlsx
Total Final : ,,,,,,nan,,,372.9,0.0,0.0,0.0,372.9,,6073488.0,TE_TERRENO.xlsx
